id,file,line,type,source_text,revised_text,notes
JP-0001,src/pages/AboutPage.jsx,16,jsx_text,金融情報の不透明性をなくし、,,
JP-0002,src/pages/AboutPage.jsx,18,jsx_text,誰もが主役になれる,,
JP-0003,src/pages/AboutPage.jsx,18,jsx_text,金融社会へ。,,
JP-0004,src/pages/AboutPage.jsx,20,jsx_text,MoneyMartは、,,
JP-0005,src/pages/AboutPage.jsx,21,jsx_text,・AIを活用し、中立・公正な立場で最適な金融商品を提案する,,
JP-0006,src/pages/AboutPage.jsx,21,jsx_text,日本発のAI金融プラットフォームです。,,
JP-0007,src/pages/AboutPage.jsx,21,jsx_text,独立系,,
JP-0008,src/pages/AboutPage.jsx,30,jsx_text,私たちの使命と価値観,,
JP-0009,src/pages/AboutPage.jsx,39,jsx_text,「金融アドバイスの民主化」,,
JP-0010,src/pages/AboutPage.jsx,42,jsx_text,一部の富裕層だけのものであった「質の高い金融アドバイス」を、,,
JP-0011,src/pages/AboutPage.jsx,43,jsx_text,として、情報の非対称性を解消し、誰もが納得して資産形成できる世界を作ります。,,
JP-0012,src/pages/AboutPage.jsx,43,jsx_text,の力ですべての人に届けます。金融機関と資本提携を持たない,,
JP-0013,src/pages/AboutPage.jsx,43,jsx_text,独立系,,
JP-0014,src/pages/AboutPage.jsx,48,string_literal,独立系 (Independent),,
JP-0015,src/pages/AboutPage.jsx,48,string_literal,金融機関との資本提携を持たず、完全に中立な立場でアドバイスを提供します。,,
JP-0016,src/pages/AboutPage.jsx,49,string_literal,中立・公正 (Fairness),,
JP-0017,src/pages/AboutPage.jsx,49,string_literal,金融機関の手数料に左右されず、ユーザーにとって本当に良い商品だけを提案します。,,
JP-0018,src/pages/AboutPage.jsx,50,string_literal,AIを活用し、個人の状況に最適化された金融アドバイスを誰もが利用できるようにします。,,
JP-0019,src/pages/AboutPage.jsx,50,string_literal,AI駆動,,
JP-0020,src/pages/AboutPage.jsx,51,string_literal,コストやリスクを隠さず、全ての情報をオープンにします。,,
JP-0021,src/pages/AboutPage.jsx,51,string_literal,透明性 (Transparency),,
JP-0022,src/pages/AboutPage.jsx,52,string_literal,すべての意思決定において、ユーザーの利益を最優先します。,,
JP-0023,src/pages/AboutPage.jsx,52,string_literal,ユーザーファースト,,
JP-0024,src/pages/AboutPage.jsx,81,jsx_text,テクノロジーと金融の融合で、,,
JP-0025,src/pages/AboutPage.jsx,81,string_literal,> テクノロジーと金融の融合で、<br />日本の資産運用を変革する。 </h3> <div className=,,
JP-0026,src/pages/AboutPage.jsx,82,jsx_text,日本の資産運用を変革する。,,
JP-0027,src/pages/AboutPage.jsx,84,string_literal,> <p>創業以来、私たちは「わかりにくい金融を、もっとシンプルに」という想いで走り続けてきました。</p> <p>グローバル金融機関での経験と最新の<strong>AI</strong>テクノロジーを掛け合わせることで、これまで専門家しかアクセスできなかった高度な分析を、スマートフォンの画面一つで提供できるようにしました。<strong>独立系</strong>として、金融機関の利害に左右されない公正なアドバイスを届けています。</p> <p>MoneyMartは単なる比較サイトではありません。あなたの人生に寄り添う、最も信頼できる金融パートナーを目指しています。</p> </div> <div className=,,
JP-0028,src/pages/AboutPage.jsx,85,jsx_text,創業以来、私たちは「わかりにくい金融を、もっとシンプルに」という想いで走り続けてきました。,,
JP-0029,src/pages/AboutPage.jsx,86,jsx_text,として、金融機関の利害に左右されない公正なアドバイスを届けています。,,
JP-0030,src/pages/AboutPage.jsx,86,jsx_text,グローバル金融機関での経験と最新の,,
JP-0031,src/pages/AboutPage.jsx,86,jsx_text,テクノロジーを掛け合わせることで、これまで専門家しかアクセスできなかった高度な分析を、スマートフォンの画面一つで提供できるようにしました。,,
JP-0032,src/pages/AboutPage.jsx,86,jsx_text,独立系,,
JP-0033,src/pages/AboutPage.jsx,87,jsx_text,MoneyMartは単なる比較サイトではありません。あなたの人生に寄り添う、最も信頼できる金融パートナーを目指しています。,,
JP-0034,src/pages/AboutPage.jsx,102,jsx_text,会社概要,,
JP-0035,src/pages/AboutPage.jsx,102,string_literal,/> 会社概要 </h2> </div> <div className=,,
JP-0036,src/pages/AboutPage.jsx,105,string_literal,"> {[ { label: '会社名', value: 'MoneyLab Ltd. (MoneyMart運営会社)' }, { label: '代表者', value: '代表取締役 Kelly Nam' }, { label: '設立', value: '2025年 12月' }, { label: '資本金', value: '5,000万円（資本準備金含む）' }, { label: '所在地', value: '〒106-0032 東京都港区六本木 1-4-5 アークヒルズサウスタワー' }, { label: '事業内容', value: '金融商品比較プラットフォーム「MoneyMart」の運営\nAI資産管理ツールの開発・提供' }, { label: '登録番号', value: '金融商品取引業者 関東財務局長（金商）第1234号' }, { label: '主要取引銀行', value: '三菱UFJ銀行、三井住友銀行、みずほ銀行' }, ].map((row, i) => ( <div key={i} className=",,
JP-0037,src/pages/AboutPage.jsx,130,jsx_text,私たちと一緒に働きませんか？,,
JP-0038,src/pages/AboutPage.jsx,130,string_literal,>私たちと一緒に働きませんか？</h2> <p className=,,
JP-0039,src/pages/AboutPage.jsx,131,jsx_text,MoneyLabでは、金融の未来を創る仲間を募集しています。,,
JP-0040,src/pages/AboutPage.jsx,131,string_literal,> MoneyLabでは、金融の未来を創る仲間を募集しています。<br /> エンジニア、マーケター、金融スペシャリストをお待ちしています。 </p> <button className=,,
JP-0041,src/pages/AboutPage.jsx,132,jsx_text,エンジニア、マーケター、金融スペシャリストをお待ちしています。,,
JP-0042,src/pages/AboutPage.jsx,135,jsx_text,採用情報を見る,,
JP-0043,src/pages/AcademyPage.jsx,13,string_literal,【徹底解説】新NISA、初心者はこれを買え！失敗しない銘柄選び,,
JP-0044,src/pages/AcademyPage.jsx,14,string_literal,MoneyMart 公式チャンネル,,
JP-0045,src/pages/AcademyPage.jsx,15,string_literal,12.5万回視聴,,
JP-0046,src/pages/AcademyPage.jsx,17,string_literal,初心者向け,,
JP-0047,src/pages/AcademyPage.jsx,17,string_literal,投資信託,,
JP-0048,src/pages/AcademyPage.jsx,17,string_literal,新NISA,,
JP-0049,src/pages/AcademyPage.jsx,25,string_literal,🐣 投資1年生のための基礎講座,,
JP-0050,src/pages/AcademyPage.jsx,27,string_literal,初級,,
JP-0051,src/pages/AcademyPage.jsx,27,string_literal,株と債券の違いとは？,,
JP-0052,src/pages/AcademyPage.jsx,28,string_literal,初級,,
JP-0053,src/pages/AcademyPage.jsx,28,string_literal,複利効果で資産を倍にする方法,,
JP-0054,src/pages/AcademyPage.jsx,29,string_literal,iDeCoの節税メリット,,
JP-0055,src/pages/AcademyPage.jsx,29,string_literal,初級,,
JP-0056,src/pages/AcademyPage.jsx,34,string_literal,📊 チャート分析・テクニカル,,
JP-0057,src/pages/AcademyPage.jsx,36,string_literal,中級,,
JP-0058,src/pages/AcademyPage.jsx,36,string_literal,移動平均線のゴールデンクロス,,
JP-0059,src/pages/AcademyPage.jsx,37,string_literal,MACDを使った売買タイミング,,
JP-0060,src/pages/AcademyPage.jsx,37,string_literal,中級,,
JP-0061,src/pages/AcademyPage.jsx,38,string_literal,ボリンジャーバンド完全攻略,,
JP-0062,src/pages/AcademyPage.jsx,38,string_literal,上級,,
JP-0063,src/pages/AcademyPage.jsx,44,string_literal,PER (株価収益率),,
JP-0064,src/pages/AcademyPage.jsx,45,string_literal,ピーイーアール / Price Earnings Ratio,,
JP-0065,src/pages/AcademyPage.jsx,46,string_literal,株価が1株当たり純利益の何倍まで買われているかを見る指標。一般的に15倍以下だと割安とされる。,,
JP-0066,src/pages/AcademyPage.jsx,47,string_literal,「A社のPERは10倍なので、同業他社より割安だ」,,
JP-0067,src/pages/AcademyPage.jsx,51,string_literal,🐣 投資1年生のための基礎講座,,
JP-0068,src/pages/AcademyPage.jsx,52,string_literal,📊 チャート分析・テクニカル,,
JP-0069,src/pages/AcademyPage.jsx,53,string_literal,📘 投資リテラシー講座,,
JP-0070,src/pages/AcademyPage.jsx,65,string_literal,${(n / 10000).toFixed(1)}万回視聴,,
JP-0071,src/pages/AcademyPage.jsx,66,string_literal,${n.toLocaleString()}回視聴,,
JP-0072,src/pages/AcademyPage.jsx,88,string_literal,動画リンク準備中です。しばらくしてから再度お試しください。,,
JP-0073,src/pages/AcademyPage.jsx,119,string_literal,初級,,
JP-0074,src/pages/AcademyPage.jsx,175,string_literal,すべて,,
JP-0075,src/pages/AcademyPage.jsx,176,string_literal,一般講座,,
JP-0076,src/pages/AcademyPage.jsx,176,string_literal,分析講座,,
JP-0077,src/pages/AcademyPage.jsx,176,string_literal,基礎講座,,
JP-0078,src/pages/AcademyPage.jsx,184,jsx_text,アカデミー,,
JP-0079,src/pages/AcademyPage.jsx,188,jsx_text,マイページ,,
JP-0080,src/pages/AcademyPage.jsx,194,jsx_text,お金の知識が、,,
JP-0081,src/pages/AcademyPage.jsx,196,jsx_text,未来の資産,,
JP-0082,src/pages/AcademyPage.jsx,198,jsx_text,になる。,,
JP-0083,src/pages/AcademyPage.jsx,201,jsx_text,動画で学ぶ、クイズで試す。最短で投資家デビュー。,,
JP-0084,src/pages/AcademyPage.jsx,210,string_literal,"何を学びたいですか？ (例: NISA, チャート分析...)",,
JP-0085,src/pages/AcademyPage.jsx,256,jsx_text,講座データを読み込み中...,,
JP-0086,src/pages/AcademyPage.jsx,272,jsx_text,公式,,
JP-0087,src/pages/AcademyPage.jsx,297,jsx_text,すべて見る,,
JP-0088,src/pages/AcademyPage.jsx,320,string_literal,text-[10px] font-bold px-1.5 py-0.5 rounded ${video.level === '初級' ? 'bg-green-100 dark:bg-green-900/30 text-green-600 dark:text-green-400' : video.level === '中級' ? 'bg-yellow-100 dark:bg-yellow-900/30 text-yellow-600 dark:text-yellow-400' : 'bg-red-100 dark:bg-red-900/30 text-red-600 dark:text-red-400'},,
JP-0089,src/pages/AcademyPage.jsx,325,jsx_text,リンク準備中,,
JP-0090,src/pages/AcademyPage.jsx,333,jsx_text,該当する講座が見つかりませんでした。,,
JP-0091,src/pages/AcademyPage.jsx,346,jsx_text,今日の用語,,
JP-0092,src/pages/AcademyPage.jsx,363,jsx_text,学習レベル,,
JP-0093,src/pages/AcademyPage.jsx,364,jsx_text,Lv.3 初級,,
JP-0094,src/pages/AcademyPage.jsx,378,jsx_text,次のレベルまで,,
JP-0095,src/pages/AcademyPage.jsx,383,jsx_text,今日のクイズに挑戦,,
JP-0096,src/pages/AcademyPage.jsx,391,jsx_text,プレミアム会員限定,,
JP-0097,src/pages/AcademyPage.jsx,392,jsx_text,プロ投資家による,,
JP-0098,src/pages/AcademyPage.jsx,393,jsx_text,特別講義動画が見放題になります。,,
JP-0099,src/pages/AcademyPage.jsx,399,jsx_text,詳細を見る,,
JP-0100,src/pages/AdminPage.jsx,41,string_literal,初級,,
JP-0101,src/pages/AdminPage.jsx,181,string_literal,初級,,
JP-0102,src/pages/AdminPage.jsx,714,string_literal,初級,,
JP-0103,src/pages/AdminPage.jsx,715,string_literal,中級,,
JP-0104,src/pages/AdminPage.jsx,716,string_literal,上級,,
JP-0105,src/pages/FAQPage.jsx,10,string_literal,サービス全般,,
JP-0106,src/pages/FAQPage.jsx,13,string_literal,MoneyMartは、中立的な立場から最適な金融商品（投資信託、クレジットカード、住宅ローンなど）を比較・シミュレーションできるプラットフォームです。AIを活用して、個人の資産状況に合わせたポートフォリオ提案も行います。,,
JP-0107,src/pages/FAQPage.jsx,13,string_literal,MoneyMartはどのようなサービスですか？,,
JP-0108,src/pages/FAQPage.jsx,14,string_literal,利用料はかかりますか？,,
JP-0109,src/pages/FAQPage.jsx,14,string_literal,基本的な機能（商品比較、ポートフォリオ管理、AI診断の簡易版）はすべて無料でご利用いただけます。より高度な分析機能やリアルタイム株価などを利用したい場合は、有料の「MoneyMart Prime」プランへの登録が必要です。,,
JP-0110,src/pages/FAQPage.jsx,15,string_literal,MoneyMart自体は証券会社ではないため、直接口座開設はできませんが、提携先の証券会社（SBI証券、楽天証券など）の開設ページへスムーズにご案内しています。,,
JP-0111,src/pages/FAQPage.jsx,15,string_literal,証券口座の開設はできますか？,,
JP-0112,src/pages/FAQPage.jsx,19,string_literal,アカウント・セキュリティ,,
JP-0113,src/pages/FAQPage.jsx,22,string_literal,はい。お客様のデータは金融機関レベルの暗号化技術（SSL/TLS）を用いて保護されています。また、資産データは閲覧専用（Read-only）で連携されるため、MoneyMartから資金が移動されることは絶対にありません。,,
JP-0114,src/pages/FAQPage.jsx,22,string_literal,個人情報の取り扱いは安全ですか？,,
JP-0115,src/pages/FAQPage.jsx,23,string_literal,2段階認証は設定できますか？,,
JP-0116,src/pages/FAQPage.jsx,23,string_literal,はい、推奨しております。マイページの「設定」＞「セキュリティ」から、SMSまたは認証アプリによる2段階認証を設定可能です。,,
JP-0117,src/pages/FAQPage.jsx,24,string_literal,退会したいのですが、データはどうなりますか？,,
JP-0118,src/pages/FAQPage.jsx,24,string_literal,退会手続き完了後、お客様の個人情報および資産データは当社のサーバーから完全に削除されます。復元はできませんのでご注意ください。,,
JP-0119,src/pages/FAQPage.jsx,28,string_literal,有料プラン (Prime),,
JP-0120,src/pages/FAQPage.jsx,31,string_literal,いいえ。30日間の無料体験期間中に解約された場合、料金は一切発生しません。安心してお試しください。,,
JP-0121,src/pages/FAQPage.jsx,31,string_literal,無料期間中に解約した場合、料金は発生しますか？,,
JP-0122,src/pages/FAQPage.jsx,32,string_literal,"各種クレジットカード（Visa, Mastercard, JCB, Amex, Diners）および、キャリア決済（d払い, auかんたん決済, ソフトバンクまとめて支払い）に対応しています。",,
JP-0123,src/pages/FAQPage.jsx,32,string_literal,支払い方法を教えてください。,,
JP-0124,src/pages/FAQPage.jsx,33,string_literal,はい。マイページの「支払い履歴」からPDF形式の領収書をダウンロードいただけます。,,
JP-0125,src/pages/FAQPage.jsx,33,string_literal,領収書の発行は可能ですか？,,
JP-0126,src/pages/FAQPage.jsx,37,string_literal,投資・NISA,,
JP-0127,src/pages/FAQPage.jsx,40,string_literal,はい、完全対応しています。「つみたて投資枠」と「成長投資枠」それぞれのシミュレーションや、非課税枠の残り管理機能も提供しています。,,
JP-0128,src/pages/FAQPage.jsx,40,string_literal,新NISAには対応していますか？,,
JP-0129,src/pages/FAQPage.jsx,41,string_literal,無料プランでは15分〜20分遅延の株価が表示されます。MoneyMart Prime会員の方は、リアルタイム株価をご利用いただけます。,,
JP-0130,src/pages/FAQPage.jsx,41,string_literal,表示される株価はリアルタイムですか？,,
JP-0131,src/pages/FAQPage.jsx,42,string_literal,AIが提案した銘柄は、必ず儲かりますか？,,
JP-0132,src/pages/FAQPage.jsx,42,string_literal,いいえ。MoneyMartのAI提案は過去のデータに基づく分析結果であり、将来の運用成果を保証するものではありません。投資の最終判断はご自身で行ってください。,,
JP-0133,src/pages/FAQPage.jsx,71,jsx_text,何かお困りですか？,,
JP-0134,src/pages/FAQPage.jsx,76,string_literal,"キーワードで検索 (例: NISA, 解約, 手数料...)",,
JP-0135,src/pages/FAQPage.jsx,160,jsx_text,検索結果が見つかりませんでした。,,
JP-0136,src/pages/FAQPage.jsx,161,jsx_text,別のキーワードを試すか、下記よりお問い合わせください。,,
JP-0137,src/pages/FAQPage.jsx,168,jsx_text,解決しませんでしたか？,,
JP-0138,src/pages/FAQPage.jsx,177,jsx_text,チャットサポート,,
JP-0139,src/pages/FAQPage.jsx,178,jsx_text,AIボットが即座に対応します。,,
JP-0140,src/pages/FAQPage.jsx,179,jsx_text,チャットを開く,,
JP-0141,src/pages/FAQPage.jsx,191,jsx_text,メールで問い合わせ,,
JP-0142,src/pages/FAQPage.jsx,192,jsx_text,通常24時間以内に返信します。,,
JP-0143,src/pages/FAQPage.jsx,193,jsx_text,フォームへ移動,,
JP-0144,src/pages/FundComparePage.jsx,14,string_literal,eMAXIS Slim 全世界株式 (オール・カントリー),,
JP-0145,src/pages/FundComparePage.jsx,21,string_literal,2.8兆円,,
JP-0146,src/pages/FundComparePage.jsx,26,string_literal,eMAXIS Slim 米国株式 (S&P500),,
JP-0147,src/pages/FundComparePage.jsx,33,string_literal,1.5兆円,,
JP-0148,src/pages/FundComparePage.jsx,38,string_literal,アライアンス・バーンスタイン・米国成長株投信Ｄ,,
JP-0149,src/pages/FundComparePage.jsx,45,string_literal,8000億円,,
JP-0150,src/pages/FundComparePage.jsx,50,string_literal,ひふみプラス,,
JP-0151,src/pages/FundComparePage.jsx,57,string_literal,5000億円,,
JP-0152,src/pages/FundComparePage.jsx,62,string_literal,ピクテ・グローバル・インカム株式ファンド,,
JP-0153,src/pages/FundComparePage.jsx,69,string_literal,3000億円,,
JP-0154,src/pages/FundComparePage.jsx,75,string_literal,1月,,
JP-0155,src/pages/FundComparePage.jsx,76,string_literal,2月,,
JP-0156,src/pages/FundComparePage.jsx,77,string_literal,3月,,
JP-0157,src/pages/FundComparePage.jsx,78,string_literal,4月,,
JP-0158,src/pages/FundComparePage.jsx,79,string_literal,5月,,
JP-0159,src/pages/FundComparePage.jsx,80,string_literal,6月,,
JP-0160,src/pages/FundComparePage.jsx,115,jsx_text,ファンド比較分析,,
JP-0161,src/pages/FundComparePage.jsx,118,jsx_text,ファンドを追加,,
JP-0162,src/pages/FundComparePage.jsx,129,jsx_text,ファンド性格診断,,
JP-0163,src/pages/FundComparePage.jsx,136,string_literal,収益性,,
JP-0164,src/pages/FundComparePage.jsx,137,string_literal,安定性,,
JP-0165,src/pages/FundComparePage.jsx,138,string_literal,コスト,,
JP-0166,src/pages/FundComparePage.jsx,139,string_literal,人気度,,
JP-0167,src/pages/FundComparePage.jsx,140,string_literal,配当金,,
JP-0168,src/pages/FundComparePage.jsx,166,jsx_text,収益率シミュレーション (6ヶ月),,
JP-0169,src/pages/FundComparePage.jsx,199,jsx_text,比較項目,,
JP-0170,src/pages/FundComparePage.jsx,215,jsx_text,直近リターン(1年),,
JP-0171,src/pages/FundComparePage.jsx,221,jsx_text,最高,,
JP-0172,src/pages/FundComparePage.jsx,226,jsx_text,信託報酬 (コスト),,
JP-0173,src/pages/FundComparePage.jsx,232,jsx_text,最安,,
JP-0174,src/pages/FundComparePage.jsx,237,jsx_text,シャープレシオ,,
JP-0175,src/pages/FundComparePage.jsx,248,jsx_text,純資産総額,,
JP-0176,src/pages/FundComparePage.jsx,262,jsx_text,選択する,,
JP-0177,src/pages/FundComparePage.jsx,279,jsx_text,AIのアドバイス,,
JP-0178,src/pages/FundComparePage.jsx,280,jsx_text,長期的な資産形成を目指すなら、コストが最も低く、分散投資効果が高い,,
JP-0179,src/pages/FundComparePage.jsx,281,jsx_text,eMAXIS Slim 全世界株式,,
JP-0180,src/pages/FundComparePage.jsx,281,jsx_text,が推奨されます。一方、短期的なリターンを狙う場合はS&P500が有利です。,,
JP-0181,src/pages/FundDetailPage.jsx,15,string_literal,eMAXIS Slim 全世界株式 (オール・カントリー),,
JP-0182,src/pages/FundDetailPage.jsx,16,string_literal,三菱UFJ国際投信,,
JP-0183,src/pages/FundDetailPage.jsx,20,string_literal,2兆8000億円,,
JP-0184,src/pages/FundDetailPage.jsx,23,string_literal,全世界株式,,
JP-0185,src/pages/FundDetailPage.jsx,24,string_literal,日本を含む先進国および新興国の株式等に投資し、MSCIオール・カントリー・ワールド・インデックス(配当込み、円換算ベース)に連動する投資成果をめざします。,,
JP-0186,src/pages/FundDetailPage.jsx,27,string_literal,米国,,
JP-0187,src/pages/FundDetailPage.jsx,28,string_literal,日本,,
JP-0188,src/pages/FundDetailPage.jsx,29,string_literal,英国,,
JP-0189,src/pages/FundDetailPage.jsx,30,string_literal,その他先進国,,
JP-0190,src/pages/FundDetailPage.jsx,31,string_literal,新興国,,
JP-0191,src/pages/FundDetailPage.jsx,36,string_literal,eMAXIS Slim 米国株式 (S&P500),,
JP-0192,src/pages/FundDetailPage.jsx,37,string_literal,三菱UFJ国際投信,,
JP-0193,src/pages/FundDetailPage.jsx,41,string_literal,1兆5000億円,,
JP-0194,src/pages/FundDetailPage.jsx,44,string_literal,米国株式,,
JP-0195,src/pages/FundDetailPage.jsx,45,string_literal,米国の大型株を中心とした指数連動を目指す低コストファンド。,,
JP-0196,src/pages/FundDetailPage.jsx,48,string_literal,米国,,
JP-0197,src/pages/FundDetailPage.jsx,49,string_literal,現金等,,
JP-0198,src/pages/FundDetailPage.jsx,54,string_literal,アライアンス・バーンスタイン・米国成長株投信Ｄ,,
JP-0199,src/pages/FundDetailPage.jsx,55,string_literal,アライアンス・バーンスタイン,,
JP-0200,src/pages/FundDetailPage.jsx,59,string_literal,8000億円,,
JP-0201,src/pages/FundDetailPage.jsx,62,string_literal,米国株式,,
JP-0202,src/pages/FundDetailPage.jsx,63,string_literal,米国成長株への集中投資により高い資本成長を目指します。,,
JP-0203,src/pages/FundDetailPage.jsx,66,string_literal,米国,,
JP-0204,src/pages/FundDetailPage.jsx,67,string_literal,欧州,,
JP-0205,src/pages/FundDetailPage.jsx,68,string_literal,その他,,
JP-0206,src/pages/FundDetailPage.jsx,73,string_literal,ひふみプラス,,
JP-0207,src/pages/FundDetailPage.jsx,74,string_literal,レオス・キャピタルワークス,,
JP-0208,src/pages/FundDetailPage.jsx,78,string_literal,5000億円,,
JP-0209,src/pages/FundDetailPage.jsx,81,string_literal,国内株式,,
JP-0210,src/pages/FundDetailPage.jsx,82,string_literal,日本株中心のアクティブ運用で中長期の成長を目指します。,,
JP-0211,src/pages/FundDetailPage.jsx,85,string_literal,日本,,
JP-0212,src/pages/FundDetailPage.jsx,86,string_literal,現金等,,
JP-0213,src/pages/FundDetailPage.jsx,87,string_literal,海外,,
JP-0214,src/pages/FundDetailPage.jsx,92,string_literal,ピクテ・グローバル・インカム株式ファンド,,
JP-0215,src/pages/FundDetailPage.jsx,93,string_literal,ピクテ投信,,
JP-0216,src/pages/FundDetailPage.jsx,97,string_literal,3000億円,,
JP-0217,src/pages/FundDetailPage.jsx,100,string_literal,全世界株式,,
JP-0218,src/pages/FundDetailPage.jsx,101,string_literal,世界の高配当株へ分散投資し、インカム収益を重視するファンド。,,
JP-0219,src/pages/FundDetailPage.jsx,104,string_literal,米国,,
JP-0220,src/pages/FundDetailPage.jsx,105,string_literal,欧州,,
JP-0221,src/pages/FundDetailPage.jsx,106,string_literal,アジア,,
JP-0222,src/pages/FundDetailPage.jsx,107,string_literal,その他,,
JP-0223,src/pages/FundDetailPage.jsx,237,string_literal,ファンド,,
JP-0224,src/pages/FundDetailPage.jsx,244,string_literal,ベンチマーク,,
JP-0225,src/pages/FundDetailPage.jsx,252,string_literal,最低投資額: 100円,,
JP-0226,src/pages/FundDetailPage.jsx,253,string_literal,信託報酬: ${feeDisplay},,
JP-0227,src/pages/FundDetailPage.jsx,254,string_literal,解約手数料: 0%,,
JP-0228,src/pages/FundDetailPage.jsx,255,string_literal,設定日: 2018年1月,,
JP-0229,src/pages/FundDetailPage.jsx,256,string_literal,ベンチマーク: ${selectedFund?.returns?.benchmarkY5 ? '同カテゴリ代表指数' : 'MSCI ACWI'},,
JP-0230,src/pages/FundDetailPage.jsx,257,string_literal,税制: 個別条件により異なります,,
JP-0231,src/pages/FundDetailPage.jsx,294,jsx_text,基準価額 (昨日比),,
JP-0232,src/pages/FundDetailPage.jsx,308,jsx_text,純資産総額,,
JP-0233,src/pages/FundDetailPage.jsx,312,jsx_text,信託報酬 (税込),,
JP-0234,src/pages/FundDetailPage.jsx,316,jsx_text,リスク等級,,
JP-0235,src/pages/FundDetailPage.jsx,327,jsx_text,NISA対象,,
JP-0236,src/pages/FundDetailPage.jsx,329,jsx_text,成長枠・つみたて,,
JP-0237,src/pages/FundDetailPage.jsx,339,jsx_text,パフォーマンス,,
JP-0238,src/pages/FundDetailPage.jsx,342,jsx_text,基準価額の推移,,
JP-0239,src/pages/FundDetailPage.jsx,362,jsx_text,設定来成長率,,
JP-0240,src/pages/FundDetailPage.jsx,371,string_literal,ファンド,,
JP-0241,src/pages/FundDetailPage.jsx,372,string_literal,ベンチマーク,,
JP-0242,src/pages/FundDetailPage.jsx,383,jsx_text,リターン比較,,
JP-0243,src/pages/FundDetailPage.jsx,384,jsx_text,Underlying holdingsデータの不足を補うため、主要期間リターンで比較しやすく構成しています。,,
JP-0244,src/pages/FundDetailPage.jsx,395,string_literal,ファンド,,
JP-0245,src/pages/FundDetailPage.jsx,396,string_literal,ベンチマーク,,
JP-0246,src/pages/FundDetailPage.jsx,402,jsx_text,リスク評価,,
JP-0247,src/pages/FundDetailPage.jsx,405,jsx_text,リスク水準,,
JP-0248,src/pages/FundDetailPage.jsx,414,jsx_text,シャープレシオ,,
JP-0249,src/pages/FundDetailPage.jsx,417,jsx_text,5年年率とリスク等級に基づく参考スコア,,
JP-0250,src/pages/FundDetailPage.jsx,426,jsx_text,リスク分析,,
JP-0251,src/pages/FundDetailPage.jsx,429,jsx_text,資産配分,,
JP-0252,src/pages/FundDetailPage.jsx,444,jsx_text,ボラティリティ,,
JP-0253,src/pages/FundDetailPage.jsx,464,jsx_text,リスクとリターン,,
JP-0254,src/pages/FundDetailPage.jsx,469,string_literal,リスク,,
JP-0255,src/pages/FundDetailPage.jsx,470,string_literal,リターン,,
JP-0256,src/pages/FundDetailPage.jsx,485,jsx_text,投資家向け情報,,
JP-0257,src/pages/FundDetailPage.jsx,498,jsx_text,目論見書 (PDF),,
JP-0258,src/pages/FundDetailPage.jsx,499,jsx_text,投資信託の詳しい情報が記載されています。,,
JP-0259,src/pages/FundDetailPage.jsx,502,jsx_text,ダウンロード,,
JP-0260,src/pages/FundDetailPage.jsx,511,jsx_text,積立シミュレーション,,
JP-0261,src/pages/FundDetailPage.jsx,516,jsx_text,毎月の積立額,,
JP-0262,src/pages/FundDetailPage.jsx,524,jsx_text,円,,
JP-0263,src/pages/FundDetailPage.jsx,528,jsx_text,想定利回りの根拠,,
JP-0264,src/pages/FundDetailPage.jsx,530,jsx_text,過去5年 年率リターン:,,
JP-0265,src/pages/FundDetailPage.jsx,557,jsx_text,MoneyMartでは売買注文は行わず、比較・分析情報のみ提供しています。,,
JP-0266,src/pages/FundDetailPage.jsx,569,string_literal,マイページから削除,,
JP-0267,src/pages/FundDetailPage.jsx,569,string_literal,マイページに追加,,
JP-0268,src/pages/FundDetailPage.jsx,574,jsx_text,ファンド一覧へ戻る,,
JP-0269,src/pages/FundPage.jsx,27,string_literal,国内,,
JP-0270,src/pages/FundPage.jsx,27,string_literal,国内株式,,
JP-0271,src/pages/FundPage.jsx,27,string_literal,日本,,
JP-0272,src/pages/FundPage.jsx,27,string_literal,日経,,
JP-0273,src/pages/FundPage.jsx,28,string_literal,米国,,
JP-0274,src/pages/FundPage.jsx,28,string_literal,米国株式,,
JP-0275,src/pages/FundPage.jsx,29,string_literal,全世界,,
JP-0276,src/pages/FundPage.jsx,29,string_literal,全世界株式,,
JP-0277,src/pages/FundPage.jsx,30,string_literal,新興国,,
JP-0278,src/pages/FundPage.jsx,30,string_literal,新興国株式,,
JP-0279,src/pages/FundPage.jsx,31,string_literal,債券,,
JP-0280,src/pages/FundPage.jsx,31,string_literal,債券型,,
JP-0281,src/pages/FundPage.jsx,32,string_literal,リート,,
JP-0282,src/pages/FundPage.jsx,33,string_literal,バランス,,
JP-0283,src/pages/FundPage.jsx,33,string_literal,バランス型,,
JP-0284,src/pages/FundPage.jsx,34,string_literal,その他,,
JP-0285,src/pages/FundPage.jsx,38,string_literal,債券型,,
JP-0286,src/pages/FundPage.jsx,39,string_literal,バランス型,,
JP-0287,src/pages/FundPage.jsx,55,string_literal,eMAXIS Slim 全世界株式 (オール・カントリー),,
JP-0288,src/pages/FundPage.jsx,55,string_literal,"¥28,000億",,
JP-0289,src/pages/FundPage.jsx,55,string_literal,三菱UFJ国際投信,,
JP-0290,src/pages/FundPage.jsx,55,string_literal,全世界株式,,
JP-0291,src/pages/FundPage.jsx,56,string_literal,eMAXIS Slim 米国株式 (S&P500),,
JP-0292,src/pages/FundPage.jsx,56,string_literal,"¥15,000億",,
JP-0293,src/pages/FundPage.jsx,56,string_literal,三菱UFJ国際投信,,
JP-0294,src/pages/FundPage.jsx,56,string_literal,米国株式,,
JP-0295,src/pages/FundPage.jsx,57,string_literal,MAXIS 国内株式・日経ダブルインデックス,,
JP-0296,src/pages/FundPage.jsx,57,string_literal,"¥8,500億",,
JP-0297,src/pages/FundPage.jsx,57,string_literal,三菱UFJ国際投信,,
JP-0298,src/pages/FundPage.jsx,57,string_literal,国内株式,,
JP-0299,src/pages/FundPage.jsx,58,string_literal,"¥4,200億",,
JP-0300,src/pages/FundPage.jsx,58,string_literal,アライアンス・バーンスタイン,,
JP-0301,src/pages/FundPage.jsx,58,string_literal,アライアンス・バーンスタイン・米国成長株投信Ｄ,,
JP-0302,src/pages/FundPage.jsx,58,string_literal,米国株式,,
JP-0303,src/pages/FundPage.jsx,59,string_literal,"¥2,800億",,
JP-0304,src/pages/FundPage.jsx,59,string_literal,ひふみプラス,,
JP-0305,src/pages/FundPage.jsx,59,string_literal,レオス・キャピタルワークス,,
JP-0306,src/pages/FundPage.jsx,59,string_literal,国内株式,,
JP-0307,src/pages/FundPage.jsx,60,string_literal,"¥1,800億",,
JP-0308,src/pages/FundPage.jsx,60,string_literal,ピクテ・グローバル・インカム株式ファンド,,
JP-0309,src/pages/FundPage.jsx,60,string_literal,ピクテ投信,,
JP-0310,src/pages/FundPage.jsx,60,string_literal,全世界株式,,
JP-0311,src/pages/FundPage.jsx,61,string_literal,¥950億,,
JP-0312,src/pages/FundPage.jsx,61,string_literal,ニッセイ 新興国株式ファンド,,
JP-0313,src/pages/FundPage.jsx,61,string_literal,ニッセイアセットマネジメント,,
JP-0314,src/pages/FundPage.jsx,61,string_literal,新興国株式,,
JP-0315,src/pages/FundPage.jsx,62,string_literal,"¥1,200億",,
JP-0316,src/pages/FundPage.jsx,62,string_literal,大和 上場投信・REIT インデックス,,
JP-0317,src/pages/FundPage.jsx,62,string_literal,大和アセットマネジメント,,
JP-0318,src/pages/FundPage.jsx,63,string_literal,¥650億,,
JP-0319,src/pages/FundPage.jsx,63,string_literal,バランス型,,
JP-0320,src/pages/FundPage.jsx,63,string_literal,ムジ・インベストメント,,
JP-0321,src/pages/FundPage.jsx,63,string_literal,ムジ・バランス・ファンド,,
JP-0322,src/pages/FundPage.jsx,64,string_literal,"¥3,200億",,
JP-0323,src/pages/FundPage.jsx,64,string_literal,全世界株式,,
JP-0324,src/pages/FundPage.jsx,64,string_literal,楽天・全世界・株価指数・ECO,,
JP-0325,src/pages/FundPage.jsx,64,string_literal,楽天投信,,
JP-0326,src/pages/FundPage.jsx,70,string_literal,¥${Math.round((value || 0) / 100).toLocaleString()}億,,
JP-0327,src/pages/FundPage.jsx,73,string_literal,低コスト重視,,
JP-0328,src/pages/FundPage.jsx,73,string_literal,信託報酬0.5%未満を優先表示,,
JP-0329,src/pages/FundPage.jsx,74,string_literal,国内中心で比較,,
JP-0330,src/pages/FundPage.jsx,74,string_literal,国内株式カテゴリに絞り込み,,
JP-0331,src/pages/FundPage.jsx,75,string_literal,全世界・米国・新興国を同時確認,,
JP-0332,src/pages/FundPage.jsx,75,string_literal,海外分散を確認,,
JP-0333,src/pages/FundPage.jsx,79,string_literal,おすすめではなく、選択した条件と並び替え基準に従って表示されます。,,
JP-0334,src/pages/FundPage.jsx,79,string_literal,この一覧はおすすめ順ですか？,,
JP-0335,src/pages/FundPage.jsx,80,string_literal,LIVE/QUICK/FALLBACKのいずれかを明示し、取得可能な最新データを表示します。,,
JP-0336,src/pages/FundPage.jsx,80,string_literal,表示されるデータはいつ更新されますか？,,
JP-0337,src/pages/FundPage.jsx,81,string_literal,ここで購入できますか？,,
JP-0338,src/pages/FundPage.jsx,81,string_literal,購入は外部の公式チャネルで行われます。当ページは比較・検討支援が目的です。,,
JP-0339,src/pages/FundPage.jsx,236,string_literal,国内株式,,
JP-0340,src/pages/FundPage.jsx,237,string_literal,先進国株式,,
JP-0341,src/pages/FundPage.jsx,237,string_literal,全世界株式,,
JP-0342,src/pages/FundPage.jsx,237,string_literal,新興国株式,,
JP-0343,src/pages/FundPage.jsx,237,string_literal,米国株式,,
JP-0344,src/pages/FundPage.jsx,346,string_literal,比較は最大3件まで選択できます。,,
JP-0345,src/pages/FundPage.jsx,354,string_literal,比較するには2つのファンドを選択してください。,,
JP-0346,src/pages/FundPage.jsx,388,jsx_text,データを読み込んでいます...,,
JP-0347,src/pages/FundPage.jsx,399,jsx_text,ファンド・インテリジェンス,,
JP-0348,src/pages/FundPage.jsx,400,jsx_text,資金フロー・リスク・一覧を一画面で確認,,
JP-0349,src/pages/FundPage.jsx,415,jsx_text,最終更新日,,
JP-0350,src/pages/FundPage.jsx,419,jsx_text,データ出典,,
JP-0351,src/pages/FundPage.jsx,423,jsx_text,比較方針,,
JP-0352,src/pages/FundPage.jsx,424,jsx_text,同一指標で横断比較,,
JP-0353,src/pages/FundPage.jsx,427,jsx_text,注意事項,,
JP-0354,src/pages/FundPage.jsx,428,jsx_text,投資助言・勧誘ではありません,,
JP-0355,src/pages/FundPage.jsx,433,jsx_text,選び方ガイド（よく使う比較軸）,,
JP-0356,src/pages/FundPage.jsx,444,jsx_text,利用シーン,,
JP-0357,src/pages/FundPage.jsx,458,string_literal,ファンド名 / ISIN で検索,,
JP-0358,src/pages/FundPage.jsx,469,string_literal,すべて,,
JP-0359,src/pages/FundPage.jsx,470,string_literal,ウォッチ,,
JP-0360,src/pages/FundPage.jsx,471,string_literal,国内,,
JP-0361,src/pages/FundPage.jsx,472,string_literal,海外/全世界,,
JP-0362,src/pages/FundPage.jsx,473,string_literal,低コスト,,
JP-0363,src/pages/FundPage.jsx,498,jsx_text,カテゴリ資金フロー（上位概念）,,
JP-0364,src/pages/FundPage.jsx,500,jsx_text,中央軸: 左がプラス / 右がマイナス,,
JP-0365,src/pages/FundPage.jsx,520,string_literal,${original > 0 ? '+' : ''}${original}億,,
JP-0366,src/pages/FundPage.jsx,520,string_literal,カテゴリフロー,,
JP-0367,src/pages/FundPage.jsx,528,string_literal,カテゴリフロー,,
JP-0368,src/pages/FundPage.jsx,582,jsx_text,リスク・リターン バブルチャート,,
JP-0369,src/pages/FundPage.jsx,587,string_literal,ボラティリティ,,
JP-0370,src/pages/FundPage.jsx,588,string_literal,1年リターン,,
JP-0371,src/pages/FundPage.jsx,601,jsx_text,ウォッチ中,,
JP-0372,src/pages/FundPage.jsx,640,jsx_text,ファンド一覧,,
JP-0373,src/pages/FundPage.jsx,655,jsx_text,比較,,
JP-0374,src/pages/FundPage.jsx,656,jsx_text,順位,,
JP-0375,src/pages/FundPage.jsx,657,jsx_text,ファンド,,
JP-0376,src/pages/FundPage.jsx,658,jsx_text,信託報酬,,
JP-0377,src/pages/FundPage.jsx,659,jsx_text,ボラティリティ,,
JP-0378,src/pages/FundPage.jsx,660,jsx_text,シャープレシオ,,
JP-0379,src/pages/FundPage.jsx,661,jsx_text,純資産(AUM),,
JP-0380,src/pages/FundPage.jsx,662,jsx_text,1年リターン,,
JP-0381,src/pages/FundPage.jsx,663,jsx_text,評価,,
JP-0382,src/pages/FundPage.jsx,727,jsx_text,前へ,,
JP-0383,src/pages/FundPage.jsx,735,jsx_text,次へ,,
JP-0384,src/pages/FundPage.jsx,743,jsx_text,よくある質問（比較の見方）,,
JP-0385,src/pages/FundPage.jsx,754,jsx_text,重要なお知らせ,,
JP-0386,src/pages/FundPage.jsx,755,jsx_text,本ページは情報提供を目的とした比較画面であり、特定商品の取得・売却を推奨するものではありません。 実際の投資判断は、最新の目論見書・約款・費用情報をご確認のうえ、ご自身の判断と責任で行ってください。,,
JP-0387,src/pages/FundPage.jsx,761,string_literal,投資関連の注意事項,,
JP-0388,src/pages/FundPage.jsx,771,jsx_text,比較する,,
JP-0389,src/pages/FundPage.jsx,779,jsx_text,※ データ提供: QUICK | 基準日: 2026.02.02,,
JP-0390,src/pages/HomePage.jsx,12,string_literal,eMAXIS Slim 全世界株式 (オール・カントリー),,
JP-0391,src/pages/HomePage.jsx,12,string_literal,¥5.8兆,,
JP-0392,src/pages/HomePage.jsx,12,string_literal,中,,
JP-0393,src/pages/HomePage.jsx,12,string_literal,再投資型,,
JP-0394,src/pages/HomePage.jsx,12,string_literal,国際株式,,
JP-0395,src/pages/HomePage.jsx,13,string_literal,eMAXIS Slim 米国株式 (S&P500),,
JP-0396,src/pages/HomePage.jsx,13,string_literal,¥6.2兆,,
JP-0397,src/pages/HomePage.jsx,13,string_literal,中〜高,,
JP-0398,src/pages/HomePage.jsx,13,string_literal,再投資型,,
JP-0399,src/pages/HomePage.jsx,13,string_literal,北米株式,,
JP-0400,src/pages/HomePage.jsx,14,string_literal,¥1.1兆,,
JP-0401,src/pages/HomePage.jsx,14,string_literal,アライアンス・バーンスタイン・米国成長株投信Ｄ,,
JP-0402,src/pages/HomePage.jsx,14,string_literal,分配型,,
JP-0403,src/pages/HomePage.jsx,14,string_literal,北米株式,,
JP-0404,src/pages/HomePage.jsx,14,string_literal,高,,
JP-0405,src/pages/HomePage.jsx,15,string_literal,"¥4,300億",,
JP-0406,src/pages/HomePage.jsx,15,string_literal,ひふみプラス,,
JP-0407,src/pages/HomePage.jsx,15,string_literal,中,,
JP-0408,src/pages/HomePage.jsx,15,string_literal,再投資型,,
JP-0409,src/pages/HomePage.jsx,15,string_literal,国内株式,,
JP-0410,src/pages/HomePage.jsx,16,string_literal,"¥2,100億",,
JP-0411,src/pages/HomePage.jsx,16,string_literal,中,,
JP-0412,src/pages/HomePage.jsx,16,string_literal,全世界株式,,
JP-0413,src/pages/HomePage.jsx,16,string_literal,再投資型,,
JP-0414,src/pages/HomePage.jsx,16,string_literal,楽天・全世界・株価指数・ECO,,
JP-0415,src/pages/HomePage.jsx,41,jsx_text,住宅ローン計算,,
JP-0416,src/pages/HomePage.jsx,45,jsx_text,借入金額 (万円),,
JP-0417,src/pages/HomePage.jsx,50,jsx_text,金利 (%),,
JP-0418,src/pages/HomePage.jsx,54,jsx_text,返済期間 (年),,
JP-0419,src/pages/HomePage.jsx,58,jsx_text,計算する,,
JP-0420,src/pages/HomePage.jsx,62,jsx_text,毎月の返済額,,
JP-0421,src/pages/HomePage.jsx,66,jsx_text,元金,,
JP-0422,src/pages/HomePage.jsx,70,jsx_text,利息,,
JP-0423,src/pages/HomePage.jsx,74,jsx_text,総返済額,,
JP-0424,src/pages/HomePage.jsx,105,jsx_text,積立シミュレーション,,
JP-0425,src/pages/HomePage.jsx,109,jsx_text,毎月の積立額 (万円),,
JP-0426,src/pages/HomePage.jsx,114,jsx_text,想定利回り (%),,
JP-0427,src/pages/HomePage.jsx,118,jsx_text,積立期間 (年),,
JP-0428,src/pages/HomePage.jsx,122,jsx_text,計算する,,
JP-0429,src/pages/HomePage.jsx,127,jsx_text,万円,,
JP-0430,src/pages/HomePage.jsx,142,jsx_text,無料AI診断,,
JP-0431,src/pages/HomePage.jsx,144,jsx_text,リスク許容度に基づいたポートフォリオ診断をご提供します。ログインして診断を開始してください。,,
JP-0432,src/pages/HomePage.jsx,150,jsx_text,ログインして診断,,
JP-0433,src/pages/HomePage.jsx,174,string_literal,カード,,
JP-0434,src/pages/HomePage.jsx,175,string_literal,銀行,,
JP-0435,src/pages/HomePage.jsx,176,string_literal,投資信託,,
JP-0436,src/pages/HomePage.jsx,177,string_literal,ローン,,
JP-0437,src/pages/HomePage.jsx,178,string_literal,株式,,
JP-0438,src/pages/HomePage.jsx,179,string_literal,ポイ活,,
JP-0439,src/pages/HomePage.jsx,180,string_literal,保険,,
JP-0440,src/pages/HomePage.jsx,184,string_literal,初年度無料,,
JP-0441,src/pages/HomePage.jsx,186,string_literal,永年無料,,
JP-0442,src/pages/HomePage.jsx,188,string_literal,永年無料,,
JP-0443,src/pages/HomePage.jsx,189,string_literal,永年無料,,
JP-0444,src/pages/HomePage.jsx,203,jsx_text,只今、金利キャンペーン実施中 (最大0.2%UP),,
JP-0445,src/pages/HomePage.jsx,209,jsx_text,全ての金融サービスを、,,
JP-0446,src/pages/HomePage.jsx,211,jsx_text,ひとつで。,,
JP-0447,src/pages/HomePage.jsx,213,jsx_text,家計管理から資産運用まで。,,
JP-0448,src/pages/HomePage.jsx,214,jsx_text,AIがあなたの「お金」を最適化します。,,
JP-0449,src/pages/HomePage.jsx,222,jsx_text,無料AI診断,,
JP-0450,src/pages/HomePage.jsx,228,jsx_text,シミュレーション,,
JP-0451,src/pages/HomePage.jsx,262,jsx_text,クレジットカード比較,,
JP-0452,src/pages/HomePage.jsx,264,jsx_text,すべて見る,,
JP-0453,src/pages/HomePage.jsx,279,jsx_text,ポイント還元率,,
JP-0454,src/pages/HomePage.jsx,283,jsx_text,年会費,,
JP-0455,src/pages/HomePage.jsx,290,jsx_text,詳細を見る,,
JP-0456,src/pages/HomePage.jsx,300,jsx_text,もっと見る,,
JP-0457,src/pages/HomePage.jsx,311,jsx_text,住宅ローン,,
JP-0458,src/pages/HomePage.jsx,312,jsx_text,借り換えシミュレーション,,
JP-0459,src/pages/HomePage.jsx,313,jsx_text,今の金利と比べるだけで、,,
JP-0460,src/pages/HomePage.jsx,313,jsx_text,数百万円お得になる可能性があります。,,
JP-0461,src/pages/HomePage.jsx,316,jsx_text,最安金利,,
JP-0462,src/pages/HomePage.jsx,329,jsx_text,積立投資,,
JP-0463,src/pages/HomePage.jsx,330,jsx_text,将来の資産を計算,,
JP-0464,src/pages/HomePage.jsx,331,jsx_text,いくらになるかチェック！,,
JP-0465,src/pages/HomePage.jsx,331,jsx_text,毎月3万円を20年間積み立てると、,,
JP-0466,src/pages/HomePage.jsx,334,jsx_text,税制優遇対象,,
JP-0467,src/pages/HomePage.jsx,335,jsx_text,NISA活用,,
JP-0468,src/pages/HomePage.jsx,341,jsx_text,※ 税制優遇は制度条件・非課税枠・運用期間により異なります。制度変更となる場合があります。,,
JP-0469,src/pages/HomePage.jsx,353,jsx_text,ライフイベントから探す,,
JP-0470,src/pages/HomePage.jsx,357,string_literal,住宅ローン・保険,,
JP-0471,src/pages/HomePage.jsx,357,string_literal,家を買う,,
JP-0472,src/pages/HomePage.jsx,358,string_literal,iDeCo・年金,,
JP-0473,src/pages/HomePage.jsx,358,string_literal,老後に備える,,
JP-0474,src/pages/HomePage.jsx,359,string_literal,子供の教育,,
JP-0475,src/pages/HomePage.jsx,359,string_literal,学資保険・積立,,
JP-0476,src/pages/HomePage.jsx,360,string_literal,マイル・保険,,
JP-0477,src/pages/HomePage.jsx,360,string_literal,旅行に行く,,
JP-0478,src/pages/HomePage.jsx,383,jsx_text,投資信託ランキング,,
JP-0479,src/pages/HomePage.jsx,385,jsx_text,もっと見る,,
JP-0480,src/pages/HomePage.jsx,421,jsx_text,キー情報,,
JP-0481,src/pages/HomePage.jsx,431,jsx_text,1年収益率,,
JP-0482,src/pages/HomePage.jsx,435,jsx_text,リスク目安,,
JP-0483,src/pages/HomePage.jsx,439,jsx_text,信託報酬,,
JP-0484,src/pages/HomePage.jsx,443,jsx_text,純資産総額,,
JP-0485,src/pages/HomePage.jsx,447,jsx_text,分配方針,,
JP-0486,src/pages/LegalPage.jsx,7,string_literal,運営会社 (About Us),,
JP-0487,src/pages/LegalPage.jsx,13,jsx_text,MoneyLab Ltd.（MoneyMart運営会社）,,
JP-0488,src/pages/LegalPage.jsx,13,jsx_text,会社名,,
JP-0489,src/pages/LegalPage.jsx,14,jsx_text,代表取締役 Kelly Nam,,
JP-0490,src/pages/LegalPage.jsx,14,jsx_text,代表者,,
JP-0491,src/pages/LegalPage.jsx,15,jsx_text,〒100-0004 東京都千代田区大手町1-1-1,,
JP-0492,src/pages/LegalPage.jsx,15,jsx_text,所在地,,
JP-0493,src/pages/LegalPage.jsx,16,jsx_text,2026年 1月,,
JP-0494,src/pages/LegalPage.jsx,16,jsx_text,設立,,
JP-0495,src/pages/LegalPage.jsx,17,jsx_text,事業内容,,
JP-0496,src/pages/LegalPage.jsx,17,jsx_text,金融商品比較プラットフォームの企画・開発・運営,,
JP-0497,src/pages/LegalPage.jsx,18,jsx_text,登録番号,,
JP-0498,src/pages/LegalPage.jsx,18,jsx_text,金融商品取引業者 関東財務局長（金商）第1234号,,
JP-0499,src/pages/LegalPage.jsx,25,string_literal,利用規約,,
JP-0500,src/pages/LegalPage.jsx,30,jsx_text,第1条（総則）,,
JP-0501,src/pages/LegalPage.jsx,31,jsx_text,この利用規約（以下「本規約」）は、MoneyLab Ltd.（以下「当社」）が提供する本サービス「MoneyMart」の利用条件を定めるものです。,,
JP-0502,src/pages/LegalPage.jsx,34,jsx_text,第2条（免責事項）,,
JP-0503,src/pages/LegalPage.jsx,35,jsx_text,当社は、本サービスに掲載される情報の正確性について万全を期していますが、その完全性を保証するものではありません。本サービスの情報に基づいてユーザーが被った損害について、当社は一切の責任を負いません。,,
JP-0504,src/pages/LegalPage.jsx,38,jsx_text,第3条（禁止事項）,,
JP-0505,src/pages/LegalPage.jsx,39,jsx_text,1. 法令または公序良俗に違反する行為,,
JP-0506,src/pages/LegalPage.jsx,39,jsx_text,2. 当社のサーバーに過度の負担をかける行為,,
JP-0507,src/pages/LegalPage.jsx,39,jsx_text,ユーザーは、本サービスの利用にあたり、以下の行為をしてはなりません。,,
JP-0508,src/pages/LegalPage.jsx,41,jsx_text,制定日：2026年2月11日,,
JP-0509,src/pages/LegalPage.jsx,46,string_literal,プライバシーポリシー,,
JP-0510,src/pages/LegalPage.jsx,50,jsx_text,MoneyLab Ltd.（以下「当社」）は、個人情報保護の重要性を認識し、以下の通りプライバシーポリシーを定めます。,,
JP-0511,src/pages/LegalPage.jsx,52,jsx_text,1. 個人情報の収集,,
JP-0512,src/pages/LegalPage.jsx,53,jsx_text,当社は、ユーザーが本サービスを利用する際に、氏名、メールアドレス、資産情報等の個人情報を適正な手段で取得します。,,
JP-0513,src/pages/LegalPage.jsx,56,jsx_text,2. 利用目的,,
JP-0514,src/pages/LegalPage.jsx,57,jsx_text,取得した個人情報は、本サービスの提供、本人確認、お問い合わせ対応、およびサービスの改善のために利用します。,,
JP-0515,src/pages/LegalPage.jsx,60,jsx_text,3. 第三者提供,,
JP-0516,src/pages/LegalPage.jsx,61,jsx_text,当社は、法令に基づく場合を除き、ユーザーの同意なく個人情報を第三者に提供しません。,,
JP-0517,src/pages/LegalPage.jsx,67,string_literal,セキュリティ宣言,,
JP-0518,src/pages/LegalPage.jsx,71,jsx_text,MoneyMartはお客様の大切な資産情報を守るため、金融機関レベルのセキュリティ対策を実施しています。,,
JP-0519,src/pages/LegalPage.jsx,73,jsx_text,SSL/TLS暗号化：,,
JP-0520,src/pages/LegalPage.jsx,73,jsx_text,全ての通信を暗号化し、第三者による盗聴を防ぎます。,,
JP-0521,src/pages/LegalPage.jsx,74,jsx_text,お客様の資産データは、インターネットから隔離されたセキュアな環境で保管されます。,,
JP-0522,src/pages/LegalPage.jsx,74,jsx_text,厳格なデータ管理：,,
JP-0523,src/pages/LegalPage.jsx,75,jsx_text,24時間365日の監視：,,
JP-0524,src/pages/LegalPage.jsx,75,jsx_text,専門のセキュリティチームがシステムの異常を常時監視しています。,,
JP-0525,src/pages/LegalPage.jsx,81,string_literal,勧誘方針,,
JP-0526,src/pages/LegalPage.jsx,85,jsx_text,当社は、「金融商品の販売等に関する法律」に基づき、以下の勧誘方針を定めております。,,
JP-0527,src/pages/LegalPage.jsx,87,jsx_text,お客様の知識、経験、財産状況および目的に照らし、適切な商品の勧誘に努めます。,,
JP-0528,src/pages/LegalPage.jsx,88,jsx_text,お客様に誤解を招くような説明や、不確実な事項を断定的に告げるような行為はいたしません。,,
JP-0529,src/pages/LegalPage.jsx,89,jsx_text,深夜や早朝など、お客様のご迷惑となる時間帯や場所での勧誘は行いません。,,
JP-0530,src/pages/LegalPage.jsx,95,string_literal,反社会的勢力への対応,,
JP-0531,src/pages/LegalPage.jsx,99,jsx_text,当社は、市民社会の秩序や安全に脅威を与える反社会的勢力に対し、以下の通り断固とした姿勢で臨みます。,,
JP-0532,src/pages/LegalPage.jsx,101,jsx_text,反社会的勢力とは、取引を含めた一切の関係を遮断します。,,
JP-0533,src/pages/LegalPage.jsx,102,jsx_text,反社会的勢力による不当要求に対しては、民事と刑事の両面から法的対応を行います。,,
JP-0534,src/pages/LegalPage.jsx,103,jsx_text,反社会的勢力への資金提供や裏取引は絶対に行いません。,,
JP-0535,src/pages/LegalPage.jsx,128,string_literal,戻る,,
JP-0536,src/pages/LegalPage.jsx,145,jsx_text,本ページの内容は予告なく変更される場合があります。,,
JP-0537,src/pages/LegalPage.jsx,146,jsx_text,最終更新日: 2026年 2月 11日,,
JP-0538,src/pages/Login.jsx,21,string_literal,ログインに失敗しました。,,
JP-0539,src/pages/Login.jsx,30,string_literal,Googleログインに失敗しました。,,
JP-0540,src/pages/Login.jsx,37,jsx_text,ログイン,,
JP-0541,src/pages/Login.jsx,43,jsx_text,Googleでログイン,,
JP-0542,src/pages/Login.jsx,48,jsx_text,またはメールでログイン,,
JP-0543,src/pages/Login.jsx,53,jsx_text,メールアドレス,,
JP-0544,src/pages/Login.jsx,63,jsx_text,パスワード,,
JP-0545,src/pages/Login.jsx,73,string_literal,ログイン,,
JP-0546,src/pages/Login.jsx,73,string_literal,ログイン中...,,
JP-0547,src/pages/Login.jsx,78,jsx_text,会員登録,,
JP-0548,src/pages/LoungePage.jsx,37,string_literal,たった今,,
JP-0549,src/pages/LoungePage.jsx,38,string_literal,${min}分前,,
JP-0550,src/pages/LoungePage.jsx,40,string_literal,${hour}時間前,,
JP-0551,src/pages/LoungePage.jsx,41,string_literal,${Math.floor(hour / 24)}日前,,
JP-0552,src/pages/LoungePage.jsx,96,string_literal,ラウンジデータの読み込みに失敗しました。,,
JP-0553,src/pages/LoungePage.jsx,111,string_literal,ログイン後に利用できます。,,
JP-0554,src/pages/LoungePage.jsx,124,string_literal,タイトルと本文を入力してください。,,
JP-0555,src/pages/LoungePage.jsx,148,string_literal,投稿に失敗しました。,,
JP-0556,src/pages/LoungePage.jsx,158,string_literal,自分の投稿にはいいねできません。,,
JP-0557,src/pages/LoungePage.jsx,177,string_literal,いいね処理に失敗しました。,,
JP-0558,src/pages/LoungePage.jsx,187,string_literal,この投稿を削除しますか？この操作は元に戻せません。,,
JP-0559,src/pages/LoungePage.jsx,194,string_literal,投稿削除に失敗しました。,,
JP-0560,src/pages/LoungePage.jsx,218,string_literal,保存処理に失敗しました。,,
JP-0561,src/pages/LoungePage.jsx,231,string_literal,フォロー操作に失敗しました。,,
JP-0562,src/pages/LoungePage.jsx,243,string_literal,コメント読み込みに失敗しました。,,
JP-0563,src/pages/LoungePage.jsx,259,string_literal,コメント投稿に失敗しました。,,
JP-0564,src/pages/LoungePage.jsx,265,string_literal,"報告理由を入力してください (例: スパム, 誹謗中傷)",,
JP-0565,src/pages/LoungePage.jsx,274,string_literal,報告を受け付けました。,,
JP-0566,src/pages/LoungePage.jsx,276,string_literal,報告送信に失敗しました。,,
JP-0567,src/pages/LoungePage.jsx,284,string_literal,投稿リンクをコピーしました。,,
JP-0568,src/pages/LoungePage.jsx,295,string_literal,通知更新に失敗しました。,,
JP-0569,src/pages/LoungePage.jsx,304,jsx_text,ラウンジ,,
JP-0570,src/pages/LoungePage.jsx,313,string_literal,キーワード、銘柄検索,,
JP-0571,src/pages/LoungePage.jsx,337,jsx_text,通知はありません。,,
JP-0572,src/pages/LoungePage.jsx,348,string_literal,いいねが付きました,,
JP-0573,src/pages/LoungePage.jsx,348,string_literal,コメントが届きました,,
JP-0574,src/pages/LoungePage.jsx,348,string_literal,新しいフォロワーがいます,,
JP-0575,src/pages/LoungePage.jsx,362,string_literal,ゲスト,,
JP-0576,src/pages/LoungePage.jsx,362,string_literal,読み込み中...,,
JP-0577,src/pages/LoungePage.jsx,365,string_literal,アカウント確認中,,
JP-0578,src/pages/LoungePage.jsx,365,string_literal,ログインして投稿に参加,,
JP-0579,src/pages/LoungePage.jsx,365,string_literal,ログイン中のメンバー,,
JP-0580,src/pages/LoungePage.jsx,381,string_literal,人気トピック,,
JP-0581,src/pages/LoungePage.jsx,382,string_literal,最新の投稿,,
JP-0582,src/pages/LoungePage.jsx,383,string_literal,フォロー中,,
JP-0583,src/pages/LoungePage.jsx,384,string_literal,保存済み,,
JP-0584,src/pages/LoungePage.jsx,407,string_literal,タイトル,,
JP-0585,src/pages/LoungePage.jsx,414,string_literal,投資に関する考えをシェアしよう...,,
JP-0586,src/pages/LoungePage.jsx,421,string_literal,Ticker (例: NVDA),,
JP-0587,src/pages/LoungePage.jsx,460,string_literal,投稿する,,
JP-0588,src/pages/LoungePage.jsx,460,string_literal,投稿中...,,
JP-0589,src/pages/LoungePage.jsx,468,string_literal,人気,,
JP-0590,src/pages/LoungePage.jsx,469,string_literal,最新,,
JP-0591,src/pages/LoungePage.jsx,470,string_literal,フォロー,,
JP-0592,src/pages/LoungePage.jsx,471,string_literal,保存,,
JP-0593,src/pages/LoungePage.jsx,487,jsx_text,読み込み中...,,
JP-0594,src/pages/LoungePage.jsx,496,jsx_text,投稿がありません。最初の投稿を作成してみてください。,,
JP-0595,src/pages/LoungePage.jsx,508,string_literal,メンバー,,
JP-0596,src/pages/LoungePage.jsx,518,string_literal,フォロー,,
JP-0597,src/pages/LoungePage.jsx,518,string_literal,フォロー中,,
JP-0598,src/pages/LoungePage.jsx,536,jsx_text,買い (Bullish),,
JP-0599,src/pages/LoungePage.jsx,541,jsx_text,売り (Bearish),,
JP-0600,src/pages/LoungePage.jsx,568,string_literal,自分の投稿にはいいねできません,,
JP-0601,src/pages/LoungePage.jsx,601,string_literal,投稿を削除,,
JP-0602,src/pages/LoungePage.jsx,619,string_literal,メンバー,,
JP-0603,src/pages/LoungePage.jsx,628,string_literal,コメントを書く...,,
JP-0604,src/pages/LoungePage.jsx,635,jsx_text,送信,,
JP-0605,src/pages/LoungePage.jsx,650,jsx_text,話題の銘柄,,
JP-0606,src/pages/LoungePage.jsx,666,jsx_text,トレンドタグ,,
JP-0607,src/pages/LoungePage.jsx,678,jsx_text,フィードを再読み込み,,
JP-0608,src/pages/LoungePage.jsx,686,jsx_text,誹謗中傷・スパムは禁止です。,,
JP-0609,src/pages/LoungePage.jsx,686,jsx_text,違反投稿は報告してください。,,
JP-0610,src/pages/LoungePage.jsx,690,jsx_text,コミュニティ規約を見る,,
JP-0611,src/pages/MarketPage.jsx,16,string_literal,eMAXIS Slim 全世界株式,,
JP-0612,src/pages/MarketPage.jsx,16,string_literal,全世界株,,
JP-0613,src/pages/MarketPage.jsx,17,string_literal,eMAXIS Slim 米国株式,,
JP-0614,src/pages/MarketPage.jsx,17,string_literal,米国株,,
JP-0615,src/pages/MarketPage.jsx,18,string_literal,楽天・全米株式インデックス,,
JP-0616,src/pages/MarketPage.jsx,18,string_literal,米国株,,
JP-0617,src/pages/MarketPage.jsx,19,string_literal,ニッセイ先進国株式,,
JP-0618,src/pages/MarketPage.jsx,19,string_literal,先進国株,,
JP-0619,src/pages/MarketPage.jsx,20,string_literal,ひふみプラス,,
JP-0620,src/pages/MarketPage.jsx,20,string_literal,国内株,,
JP-0621,src/pages/MarketPage.jsx,26,string_literal,その他,,
JP-0622,src/pages/MarketPage.jsx,27,string_literal,米国,,
JP-0623,src/pages/MarketPage.jsx,27,string_literal,米国株,,
JP-0624,src/pages/MarketPage.jsx,28,string_literal,国内,,
JP-0625,src/pages/MarketPage.jsx,28,string_literal,日本,,
JP-0626,src/pages/MarketPage.jsx,28,string_literal,日本株,,
JP-0627,src/pages/MarketPage.jsx,29,string_literal,先進国,,
JP-0628,src/pages/MarketPage.jsx,30,string_literal,新興国,,
JP-0629,src/pages/MarketPage.jsx,31,string_literal,全世界,,
JP-0630,src/pages/MarketPage.jsx,32,string_literal,債券,,
JP-0631,src/pages/MarketPage.jsx,34,string_literal,その他,,
JP-0632,src/pages/MarketPage.jsx,45,string_literal,半導体,,
JP-0633,src/pages/MarketPage.jsx,46,string_literal,自動車,,
JP-0634,src/pages/MarketPage.jsx,47,string_literal,銀行,,
JP-0635,src/pages/MarketPage.jsx,48,string_literal,商社,,
JP-0636,src/pages/MarketPage.jsx,49,string_literal,不動産,,
JP-0637,src/pages/MarketPage.jsx,50,string_literal,医薬品,,
JP-0638,src/pages/MarketPage.jsx,51,string_literal,通信,,
JP-0639,src/pages/MarketPage.jsx,52,string_literal,小売り,,
JP-0640,src/pages/MarketPage.jsx,53,string_literal,電力,,
JP-0641,src/pages/MarketPage.jsx,54,string_literal,食品,,
JP-0642,src/pages/MarketPage.jsx,55,string_literal,鉄鋼,,
JP-0643,src/pages/MarketPage.jsx,61,string_literal,証券口座,,
JP-0644,src/pages/MarketPage.jsx,62,string_literal,新NISA 口座開設,,
JP-0645,src/pages/MarketPage.jsx,63,string_literal,取引手数料 0円！最短翌日から取引可能,,
JP-0646,src/pages/MarketPage.jsx,69,string_literal,銀行,,
JP-0647,src/pages/MarketPage.jsx,70,string_literal,円定期 特別金利,,
JP-0648,src/pages/MarketPage.jsx,71,string_literal,年 0.45% (税引前) 6ヶ月ものキャンペーン,,
JP-0649,src/pages/MarketPage.jsx,77,string_literal,ローン,,
JP-0650,src/pages/MarketPage.jsx,78,string_literal,住宅ローン借り換え,,
JP-0651,src/pages/MarketPage.jsx,79,string_literal,変動金利 年0.29%〜 保証料0円プラン,,
JP-0652,src/pages/MarketPage.jsx,86,string_literal,米ハイテク株が反発、AI需要への期待続く,,
JP-0653,src/pages/MarketPage.jsx,87,string_literal,日銀、マイナス金利解除後の国債買い入れ額を維持,,
JP-0654,src/pages/MarketPage.jsx,88,string_literal,新NISA、成長投資枠の利用額が1兆円突破,,
JP-0655,src/pages/MarketPage.jsx,88,string_literal,日経,,
JP-0656,src/pages/MarketPage.jsx,89,string_literal,原油先物、中東情勢の緊迫化で3日続伸,,
JP-0657,src/pages/MarketPage.jsx,170,string_literal,ランキングデータが空のため、参考データを表示しています。,,
JP-0658,src/pages/MarketPage.jsx,176,string_literal,ランキングデータの取得に失敗しました。参考データを表示しています。,,
JP-0659,src/pages/MarketPage.jsx,212,string_literal,業種変動,,
JP-0660,src/pages/MarketPage.jsx,217,string_literal,上昇業種比率,,
JP-0661,src/pages/MarketPage.jsx,222,string_literal,上位ファンド1Y,,
JP-0662,src/pages/MarketPage.jsx,227,string_literal,平均資金流入,,
JP-0663,src/pages/MarketPage.jsx,228,string_literal,${inflowAvg >= 0 ? '+' : ''}${Math.round(inflowAvg).toLocaleString()}億,,
JP-0664,src/pages/MarketPage.jsx,240,string_literal,リスク局面,,
JP-0665,src/pages/MarketPage.jsx,247,string_literal,モメンタム,,
JP-0666,src/pages/MarketPage.jsx,249,string_literal,上位ファンド1Y,,
JP-0667,src/pages/MarketPage.jsx,254,string_literal,資金フロー,,
JP-0668,src/pages/MarketPage.jsx,255,string_literal,${topInflow >= 0 ? '+' : ''}${Math.round(topInflow).toLocaleString()}億,,
JP-0669,src/pages/MarketPage.jsx,256,string_literal,最大流入ファンド,,
JP-0670,src/pages/MarketPage.jsx,288,jsx_text,セクターヒートマップ,,
JP-0671,src/pages/MarketPage.jsx,290,jsx_text,本日の業種別騰落率 (サイズは時価総額),,
JP-0672,src/pages/MarketPage.jsx,334,jsx_text,地域別ヒートマップ,,
JP-0673,src/pages/MarketPage.jsx,336,jsx_text,本日の地域別騰落率 (1カ月),,
JP-0674,src/pages/MarketPage.jsx,380,jsx_text,市場の「先」を読む。,,
JP-0675,src/pages/MarketPage.jsx,381,jsx_text,機関投資家レベルのデータ分析とAI予測。,,
JP-0676,src/pages/MarketPage.jsx,383,jsx_text,詳細を見る,,
JP-0677,src/pages/MarketPage.jsx,393,jsx_text,ニュース・ピックアップ,,
JP-0678,src/pages/MarketPage.jsx,394,jsx_text,もっと見る,,
JP-0679,src/pages/MarketPage.jsx,426,jsx_text,リアルタイム示唆,,
JP-0680,src/pages/MarketPage.jsx,441,jsx_text,キャンペーン・ピックアップ,,
JP-0681,src/pages/MarketPage.jsx,479,jsx_text,センチメントスコアと資金流入の方向が一致しているかを先に確認すると、ノイズの多い日でも判断が安定します。,,
JP-0682,src/pages/MarketPage.jsx,487,jsx_text,AI 市場センチメント,,
JP-0683,src/pages/MarketPage.jsx,494,jsx_text,Risk Off (悲観),,
JP-0684,src/pages/MarketPage.jsx,495,jsx_text,Risk On (楽観),,
JP-0685,src/pages/MarketPage.jsx,527,jsx_text,今週の経済指標,,
JP-0686,src/pages/MarketPage.jsx,532,jsx_text,2/12 (水),,
JP-0687,src/pages/MarketPage.jsx,533,jsx_text,🇺🇸 消費者物価指数 (CPI),,
JP-0688,src/pages/MarketPage.jsx,534,jsx_text,注目度:,,
JP-0689,src/pages/MarketPage.jsx,540,jsx_text,2/15 (土),,
JP-0690,src/pages/MarketPage.jsx,541,jsx_text,🇯🇵 GDP 速報値,,
JP-0691,src/pages/MarketPage.jsx,547,jsx_text,主要インデックス,,
JP-0692,src/pages/MarketPage.jsx,550,string_literal,米国大型株,,
JP-0693,src/pages/MarketPage.jsx,551,string_literal,欧州主要株,,
JP-0694,src/pages/MarketPage.jsx,552,string_literal,英国主要株,,
JP-0695,src/pages/MyPage.jsx,58,string_literal,eMAXIS Slim 全世界株式,,
JP-0696,src/pages/MyPage.jsx,59,string_literal,ひふみプラス,,
JP-0697,src/pages/MyPage.jsx,60,string_literal,楽天・全米株式,,
JP-0698,src/pages/MyPage.jsx,66,string_literal,PayPayポイント,,
JP-0699,src/pages/MyPage.jsx,70,string_literal,クレジットカード,,
JP-0700,src/pages/MyPage.jsx,70,string_literal,スーパーA,,
JP-0701,src/pages/MyPage.jsx,70,string_literal,食費,,
JP-0702,src/pages/MyPage.jsx,71,string_literal,モバイル決済,,
JP-0703,src/pages/MyPage.jsx,71,string_literal,交通,,
JP-0704,src/pages/MyPage.jsx,71,string_literal,通勤定期,,
JP-0705,src/pages/MyPage.jsx,72,string_literal,クレジットカード,,
JP-0706,src/pages/MyPage.jsx,72,string_literal,ショッピング,,
JP-0707,src/pages/MyPage.jsx,72,string_literal,家電ストア,,
JP-0708,src/pages/MyPage.jsx,73,string_literal,その他,,
JP-0709,src/pages/MyPage.jsx,73,string_literal,サブスク,,
JP-0710,src/pages/MyPage.jsx,73,string_literal,口座振替,,
JP-0711,src/pages/MyPage.jsx,77,string_literal,ABC生命,,
JP-0712,src/pages/MyPage.jsx,77,string_literal,入院日額 1万円,,
JP-0713,src/pages/MyPage.jsx,77,string_literal,医療保険ライト,,
JP-0714,src/pages/MyPage.jsx,78,string_literal,XYZ保険,,
JP-0715,src/pages/MyPage.jsx,78,string_literal,就業不能保険,,
JP-0716,src/pages/MyPage.jsx,78,string_literal,月額 15万円,,
JP-0717,src/pages/MyPage.jsx,82,string_literal,PayPayポイント,,
JP-0718,src/pages/MyPage.jsx,83,string_literal,楽天ポイント,,
JP-0719,src/pages/MyPage.jsx,97,string_literal,金利 0.3% 低いローンへの借り換えチャンス,,
JP-0720,src/pages/MyPage.jsx,98,string_literal,来月、市場金利の上昇が予測されています,,
JP-0721,src/pages/MyPage.jsx,112,string_literal,中立,,
JP-0722,src/pages/MyPage.jsx,112,string_literal,慎重,,
JP-0723,src/pages/MyPage.jsx,112,string_literal,順調,,
JP-0724,src/pages/MyPage.jsx,119,string_literal,やや高め,,
JP-0725,src/pages/MyPage.jsx,119,string_literal,中程度,,
JP-0726,src/pages/MyPage.jsx,119,string_literal,低め,,
JP-0727,src/pages/MyPage.jsx,123,string_literal,単一テーマ集中が高めです。低相関アセットを10〜15%追加して分散を強化。,,
JP-0728,src/pages/MyPage.jsx,124,string_literal,現状の分散は良好です。定期積立ルールを維持し、急な比率変更を避ける。,,
JP-0729,src/pages/MyPage.jsx,126,string_literal,返済負担率が高めです。新規投資額より先に返済余力の確保を優先。,,
JP-0730,src/pages/MyPage.jsx,127,string_literal,負債比率は許容範囲です。積立比率の最適化に集中できます。,,
JP-0731,src/pages/MyPage.jsx,129,string_literal,高リターン銘柄の利益確定ルール（例: +25%で一部利確）を設定。,,
JP-0732,src/pages/MyPage.jsx,130,string_literal,リターン改善余地あり。低コスト商品中心に積立額を段階的に増額。,,
JP-0733,src/pages/MyPage.jsx,133,string_literal,中,,
JP-0734,src/pages/MyPage.jsx,133,string_literal,高,,
JP-0735,src/pages/MyPage.jsx,150,string_literal,中立,,
JP-0736,src/pages/MyPage.jsx,151,string_literal,主要指数は方向感に欠ける一日,,
JP-0737,src/pages/MyPage.jsx,152,string_literal,材料待ち相場のため、分散とポジション管理を優先する局面です。,,
JP-0738,src/pages/MyPage.jsx,155,string_literal,やや強気,,
JP-0739,src/pages/MyPage.jsx,156,string_literal,大型株中心に買いが優勢,,
JP-0740,src/pages/MyPage.jsx,157,string_literal,短期の過熱感に注意しつつ、押し目待ちの姿勢が有効です。,,
JP-0741,src/pages/MyPage.jsx,160,string_literal,やや慎重,,
JP-0742,src/pages/MyPage.jsx,161,string_literal,金利・為替の変動が意識される展開,,
JP-0743,src/pages/MyPage.jsx,162,string_literal,値動きの大きい銘柄は比率管理を厳格にするのが安全です。,,
JP-0744,src/pages/MyPage.jsx,179,string_literal,${d.getMonth() + 1}月,,
JP-0745,src/pages/MyPage.jsx,216,string_literal,健全,,
JP-0746,src/pages/MyPage.jsx,223,string_literal,注意,,
JP-0747,src/pages/MyPage.jsx,229,string_literal,警戒,,
JP-0748,src/pages/MyPage.jsx,243,string_literal,収入,,
JP-0749,src/pages/MyPage.jsx,244,string_literal,現在の雇用形態は？,,
JP-0750,src/pages/MyPage.jsx,246,string_literal,正社員（勤続3年以上）,,
JP-0751,src/pages/MyPage.jsx,246,string_literal,雇用の継続性が高い,,
JP-0752,src/pages/MyPage.jsx,247,string_literal,正社員（勤続1年以上）/契約社員,,
JP-0753,src/pages/MyPage.jsx,247,string_literal,雇用の安定性は中程度,,
JP-0754,src/pages/MyPage.jsx,248,string_literal,収入変動リスクがある,,
JP-0755,src/pages/MyPage.jsx,248,string_literal,自営業・フリーランス（収入変動あり）,,
JP-0756,src/pages/MyPage.jsx,249,string_literal,無職・収入不安定,,
JP-0757,src/pages/MyPage.jsx,249,string_literal,返済原資の証明が難しい,,
JP-0758,src/pages/MyPage.jsx,253,string_literal,収入,,
JP-0759,src/pages/MyPage.jsx,254,string_literal,年収レンジは？,,
JP-0760,src/pages/MyPage.jsx,256,string_literal,800万円以上,,
JP-0761,src/pages/MyPage.jsx,256,string_literal,返済余力が高い,,
JP-0762,src/pages/MyPage.jsx,257,string_literal,500〜799万円,,
JP-0763,src/pages/MyPage.jsx,257,string_literal,返済余力は十分,,
JP-0764,src/pages/MyPage.jsx,258,string_literal,300〜499万円,,
JP-0765,src/pages/MyPage.jsx,258,string_literal,返済余力は限定的,,
JP-0766,src/pages/MyPage.jsx,259,string_literal,300万円未満,,
JP-0767,src/pages/MyPage.jsx,259,string_literal,返済余力が不足しやすい,,
JP-0768,src/pages/MyPage.jsx,263,string_literal,負債,,
JP-0769,src/pages/MyPage.jsx,264,string_literal,現在の返済負担率（DTI）は？,,
JP-0770,src/pages/MyPage.jsx,266,string_literal,20%未満,,
JP-0771,src/pages/MyPage.jsx,266,string_literal,DTIが低く審査で有利,,
JP-0772,src/pages/MyPage.jsx,267,string_literal,標準的な返済負担率,,
JP-0773,src/pages/MyPage.jsx,268,string_literal,返済負担がやや高い,,
JP-0774,src/pages/MyPage.jsx,269,string_literal,35%以上,,
JP-0775,src/pages/MyPage.jsx,269,string_literal,返済比率が高く否決要因になりやすい,,
JP-0776,src/pages/MyPage.jsx,273,string_literal,信用,,
JP-0777,src/pages/MyPage.jsx,274,string_literal,過去24ヶ月で延滞はありましたか？,,
JP-0778,src/pages/MyPage.jsx,276,string_literal,延滞なし,,
JP-0779,src/pages/MyPage.jsx,276,string_literal,支払い履歴が良好,,
JP-0780,src/pages/MyPage.jsx,277,string_literal,1回のみ（軽微）,,
JP-0781,src/pages/MyPage.jsx,277,string_literal,軽微な遅延履歴がある,,
JP-0782,src/pages/MyPage.jsx,278,string_literal,延滞履歴が審査に強く影響,,
JP-0783,src/pages/MyPage.jsx,278,string_literal,複数回ある,,
JP-0784,src/pages/MyPage.jsx,282,string_literal,信用,,
JP-0785,src/pages/MyPage.jsx,283,string_literal,過去6ヶ月のローン申込み回数は？,,
JP-0786,src/pages/MyPage.jsx,285,string_literal,0〜1回,,
JP-0787,src/pages/MyPage.jsx,285,string_literal,短期多重申込リスクが低い,,
JP-0788,src/pages/MyPage.jsx,286,string_literal,2〜3回,,
JP-0789,src/pages/MyPage.jsx,286,string_literal,申込件数がやや多い,,
JP-0790,src/pages/MyPage.jsx,287,string_literal,4回以上,,
JP-0791,src/pages/MyPage.jsx,287,string_literal,短期多重申込の懸念がある,,
JP-0792,src/pages/MyPage.jsx,291,string_literal,資産,,
JP-0793,src/pages/MyPage.jsx,292,string_literal,生活防衛資金（3〜6ヶ月分）はありますか？,,
JP-0794,src/pages/MyPage.jsx,294,string_literal,不測時の返済継続力が高い,,
JP-0795,src/pages/MyPage.jsx,294,string_literal,十分にある,,
JP-0796,src/pages/MyPage.jsx,295,string_literal,一定のバッファはある,,
JP-0797,src/pages/MyPage.jsx,295,string_literal,一部ある,,
JP-0798,src/pages/MyPage.jsx,296,string_literal,ほぼない,,
JP-0799,src/pages/MyPage.jsx,296,string_literal,緊急時の返済余力が不足,,
JP-0800,src/pages/MyPage.jsx,300,string_literal,属性,,
JP-0801,src/pages/MyPage.jsx,301,string_literal,頭金（または自己資金）はどの程度ありますか？,,
JP-0802,src/pages/MyPage.jsx,303,string_literal,借入額の20%以上,,
JP-0803,src/pages/MyPage.jsx,303,string_literal,自己資金比率が高く与信にプラス,,
JP-0804,src/pages/MyPage.jsx,304,string_literal,借入額の10〜20%,,
JP-0805,src/pages/MyPage.jsx,304,string_literal,自己資金は平均的,,
JP-0806,src/pages/MyPage.jsx,305,string_literal,10%未満,,
JP-0807,src/pages/MyPage.jsx,305,string_literal,借入依存度が高い,,
JP-0808,src/pages/MyPage.jsx,309,string_literal,最終確認,,
JP-0809,src/pages/MyPage.jsx,310,string_literal,健康状態・勤務先情報の提出に問題はありませんか？,,
JP-0810,src/pages/MyPage.jsx,312,string_literal,問題なし,,
JP-0811,src/pages/MyPage.jsx,312,string_literal,必要書類の整備が見込める,,
JP-0812,src/pages/MyPage.jsx,313,string_literal,一部不明点あり,,
JP-0813,src/pages/MyPage.jsx,313,string_literal,追加確認が必要になる可能性,,
JP-0814,src/pages/MyPage.jsx,314,string_literal,審査手続きの遅延・否決リスク,,
JP-0815,src/pages/MyPage.jsx,314,string_literal,提出が難しい項目がある,,
JP-0816,src/pages/MyPage.jsx,332,string_literal,高め,,
JP-0817,src/pages/MyPage.jsx,333,string_literal,標準,,
JP-0818,src/pages/MyPage.jsx,334,string_literal,要改善,,
JP-0819,src/pages/MyPage.jsx,376,jsx_text,ローン承認可能性診断,,
JP-0820,src/pages/MyPage.jsx,377,jsx_text,8つの質問で、現在の属性ベースの,,
JP-0821,src/pages/MyPage.jsx,379,jsx_text,を表示します。,,
JP-0822,src/pages/MyPage.jsx,379,jsx_text,承認可能性の目安,,
JP-0823,src/pages/MyPage.jsx,380,jsx_text,参考値です。審査結果を保証するものではありません。,,
JP-0824,src/pages/MyPage.jsx,384,jsx_text,診断スタート,,
JP-0825,src/pages/MyPage.jsx,419,jsx_text,診断中...,,
JP-0826,src/pages/MyPage.jsx,420,jsx_text,入力データを解析しています,,
JP-0827,src/pages/MyPage.jsx,427,jsx_text,ローン承認可能性（推定）,,
JP-0828,src/pages/MyPage.jsx,436,jsx_text,判定理由 Top 3,,
JP-0829,src/pages/MyPage.jsx,447,jsx_text,もう一度診断する,,
JP-0830,src/pages/MyPage.jsx,482,string_literal,あなたの総損益率は ${totalReturnRate >= 0 ? '+' : ''}${totalReturnRate.toFixed(1)}% です。,,
JP-0831,src/pages/MyPage.jsx,483,string_literal,負債比率 (DTI) は ${Number(summaryDti).toFixed(1)}% で、${Number(summaryDti) >= 35 ? '返済余力の確保が優先' : '許容レンジ内'}です。,,
JP-0832,src/pages/MyPage.jsx,484,string_literal,最大集中比率は ${concentration.toFixed(1)}% で、${concentration >= 55 ? '分散強化が必要' : '分散状態は比較的良好'}です。,,
JP-0833,src/pages/MyPage.jsx,537,string_literal,保存済みレポートを表示中,,
JP-0834,src/pages/MyPage.jsx,540,string_literal,ローカル生成レポートを表示中,,
JP-0835,src/pages/MyPage.jsx,555,string_literal,順調,,
JP-0836,src/pages/MyPage.jsx,558,string_literal,良好,,
JP-0837,src/pages/MyPage.jsx,559,string_literal,慎重,,
JP-0838,src/pages/MyPage.jsx,562,string_literal,要注意,,
JP-0839,src/pages/MyPage.jsx,563,string_literal,標準,,
JP-0840,src/pages/MyPage.jsx,565,string_literal,低,,
JP-0841,src/pages/MyPage.jsx,568,string_literal,高,,
JP-0842,src/pages/MyPage.jsx,573,string_literal,高,,
JP-0843,src/pages/MyPage.jsx,576,string_literal,低,,
JP-0844,src/pages/MyPage.jsx,603,jsx_text,総合レポート,,
JP-0845,src/pages/MyPage.jsx,608,jsx_text,投資元本,,
JP-0846,src/pages/MyPage.jsx,612,jsx_text,現在価値,,
JP-0847,src/pages/MyPage.jsx,616,jsx_text,総損益,,
JP-0848,src/pages/MyPage.jsx,622,jsx_text,損益率,,
JP-0849,src/pages/MyPage.jsx,633,jsx_text,ファンド概要,,
JP-0850,src/pages/MyPage.jsx,637,jsx_text,保有銘柄数,,
JP-0851,src/pages/MyPage.jsx,641,jsx_text,ウォッチリスト,,
JP-0852,src/pages/MyPage.jsx,645,jsx_text,最高リターン,,
JP-0853,src/pages/MyPage.jsx,652,jsx_text,保険概要,,
JP-0854,src/pages/MyPage.jsx,656,jsx_text,登録保険数,,
JP-0855,src/pages/MyPage.jsx,660,jsx_text,満期間近,,
JP-0856,src/pages/MyPage.jsx,664,jsx_text,負債比率 (DTI),,
JP-0857,src/pages/MyPage.jsx,673,jsx_text,資産成長トレンド (6ヶ月),,
JP-0858,src/pages/MyPage.jsx,686,string_literal,${Math.round(v / 10000)}万,,
JP-0859,src/pages/MyPage.jsx,693,jsx_text,投資元本と現在価値を基準に、6ヶ月の資産推移イメージを表示しています。,,
JP-0860,src/pages/MyPage.jsx,701,jsx_text,株式パフォーマンス,,
JP-0861,src/pages/MyPage.jsx,707,jsx_text,銘柄コード,,
JP-0862,src/pages/MyPage.jsx,708,jsx_text,投資額,,
JP-0863,src/pages/MyPage.jsx,709,jsx_text,現在価値,,
JP-0864,src/pages/MyPage.jsx,710,jsx_text,損益,,
JP-0865,src/pages/MyPage.jsx,711,jsx_text,損益率,,
JP-0866,src/pages/MyPage.jsx,717,jsx_text,株式ウォッチリストがまだありません。株式ページで追加すると、ここに表示されます。,,
JP-0867,src/pages/MyPage.jsx,748,jsx_text,"※ 各銘柄は比較のため基準投資額を一律 ¥100,000 として表示しています。",,
JP-0868,src/pages/MyPage.jsx,757,jsx_text,資産配分,,
JP-0869,src/pages/MyPage.jsx,788,jsx_text,詳細アセット分析,,
JP-0870,src/pages/MyPage.jsx,793,string_literal,※ 現在は表示用データです。Supabase連携後に実データへ切り替わります。,,
JP-0871,src/pages/MyPage.jsx,794,string_literal,※ 表示データはユーザー保存情報をもとに更新されます。,,
JP-0872,src/pages/MyPage.jsx,798,jsx_text,クイックインサイト,,
JP-0873,src/pages/MyPage.jsx,799,jsx_text,現在はファンド中心の構成です。リスクを抑えたい場合は、値動きの異なる資産の比率を高めると変動幅の平準化が期待できます。,,
JP-0874,src/pages/MyPage.jsx,808,jsx_text,AI リポート（Beta）,,
JP-0875,src/pages/MyPage.jsx,815,jsx_text,日次自動更新,,
JP-0876,src/pages/MyPage.jsx,822,jsx_text,市場トーン,,
JP-0877,src/pages/MyPage.jsx,831,jsx_text,ポートフォリオリスク,,
JP-0878,src/pages/MyPage.jsx,840,jsx_text,リスクスコア,,
JP-0879,src/pages/MyPage.jsx,849,jsx_text,信頼度,,
JP-0880,src/pages/MyPage.jsx,860,jsx_text,Daily Market (共通),,
JP-0881,src/pages/MyPage.jsx,867,jsx_text,Personalized (個別),,
JP-0882,src/pages/MyPage.jsx,923,jsx_text,総合レポート,,
JP-0883,src/pages/MyPage.jsx,928,jsx_text,投資元本,,
JP-0884,src/pages/MyPage.jsx,932,jsx_text,現在価値,,
JP-0885,src/pages/MyPage.jsx,936,jsx_text,総損益,,
JP-0886,src/pages/MyPage.jsx,942,jsx_text,損益率,,
JP-0887,src/pages/MyPage.jsx,951,jsx_text,ファンド概要,,
JP-0888,src/pages/MyPage.jsx,955,jsx_text,保有銘柄数,,
JP-0889,src/pages/MyPage.jsx,959,jsx_text,ウォッチリスト,,
JP-0890,src/pages/MyPage.jsx,963,jsx_text,最高リターン,,
JP-0891,src/pages/MyPage.jsx,972,jsx_text,株式パフォーマンス,,
JP-0892,src/pages/MyPage.jsx,978,jsx_text,銘柄コード,,
JP-0893,src/pages/MyPage.jsx,979,jsx_text,投資額,,
JP-0894,src/pages/MyPage.jsx,980,jsx_text,現在価値,,
JP-0895,src/pages/MyPage.jsx,981,jsx_text,損益,,
JP-0896,src/pages/MyPage.jsx,982,jsx_text,損益率,,
JP-0897,src/pages/MyPage.jsx,988,jsx_text,株式ウォッチリストがまだありません。株式ページで追加すると、ここに表示されます。,,
JP-0898,src/pages/MyPage.jsx,1020,jsx_text,ファンドウォッチリスト,,
JP-0899,src/pages/MyPage.jsx,1036,string_literal,ウォッチリストから削除,,
JP-0900,src/pages/MyPage.jsx,1049,jsx_text,資産成長トレンド (6ヶ月),,
JP-0901,src/pages/MyPage.jsx,1062,string_literal,${Math.round(v / 10000)}万,,
JP-0902,src/pages/MyPage.jsx,1074,jsx_text,資産配分,,
JP-0903,src/pages/MyPage.jsx,1102,jsx_text,最高リターン:,,
JP-0904,src/pages/MyPage.jsx,1110,jsx_text,関心商品リスト,,
JP-0905,src/pages/MyPage.jsx,1128,jsx_text,まだ保存された関心商品はありません。,,
JP-0906,src/pages/MyPage.jsx,1156,string_literal,食費,,
JP-0907,src/pages/MyPage.jsx,1206,string_literal,${Number(k.split('-')[1])}月,,
JP-0908,src/pages/MyPage.jsx,1215,string_literal,その他,,
JP-0909,src/pages/MyPage.jsx,1227,string_literal,データなし,,
JP-0910,src/pages/MyPage.jsx,1243,string_literal,支出名と金額を入力してください。,,
JP-0911,src/pages/MyPage.jsx,1263,string_literal,保険名を入力してください。,,
JP-0912,src/pages/MyPage.jsx,1288,string_literal,ポイント名と残高を入力してください。,,
JP-0913,src/pages/MyPage.jsx,1315,jsx_text,支出トラッカー,,
JP-0914,src/pages/MyPage.jsx,1320,jsx_text,+ 支出を追加,,
JP-0915,src/pages/MyPage.jsx,1327,string_literal,支出名,,
JP-0916,src/pages/MyPage.jsx,1328,string_literal,金額,,
JP-0917,src/pages/MyPage.jsx,1330,jsx_text,食費,,
JP-0918,src/pages/MyPage.jsx,1330,string_literal,食費,,
JP-0919,src/pages/MyPage.jsx,1331,jsx_text,ショッピング,,
JP-0920,src/pages/MyPage.jsx,1331,string_literal,ショッピング,,
JP-0921,src/pages/MyPage.jsx,1332,jsx_text,交通,,
JP-0922,src/pages/MyPage.jsx,1332,string_literal,交通,,
JP-0923,src/pages/MyPage.jsx,1333,jsx_text,その他,,
JP-0924,src/pages/MyPage.jsx,1333,string_literal,その他,,
JP-0925,src/pages/MyPage.jsx,1336,string_literal,支払い手段 (任意),,
JP-0926,src/pages/MyPage.jsx,1338,string_literal,保存中...,,
JP-0927,src/pages/MyPage.jsx,1338,string_literal,支出を追加,,
JP-0928,src/pages/MyPage.jsx,1346,jsx_text,今月の支出,,
JP-0929,src/pages/MyPage.jsx,1350,jsx_text,予算目標,,
JP-0930,src/pages/MyPage.jsx,1360,string_literal,予算目標(円),,
JP-0931,src/pages/MyPage.jsx,1365,jsx_text,予算保存,,
JP-0932,src/pages/MyPage.jsx,1380,jsx_text,月次支出トレンド (6ヶ月),,
JP-0933,src/pages/MyPage.jsx,1381,jsx_text,単位: 円,,
JP-0934,src/pages/MyPage.jsx,1422,jsx_text,カテゴリ,,
JP-0935,src/pages/MyPage.jsx,1436,jsx_text,選択した月のカテゴリ支出データはまだありません。,,
JP-0936,src/pages/MyPage.jsx,1443,jsx_text,最近の支出,,
JP-0937,src/pages/MyPage.jsx,1446,jsx_text,支出データがまだありません。,,
JP-0938,src/pages/MyPage.jsx,1451,string_literal,w-10 h-10 rounded-full flex items-center justify-center ${tx.category === '食費' ? 'bg-orange-100 dark:bg-orange-900/30 text-orange-600 dark:text-orange-400' : 'bg-purple-100 dark:bg-purple-900/30 text-purple-600 dark:text-purple-400'},,
JP-0939,src/pages/MyPage.jsx,1452,string_literal,食費,,
JP-0940,src/pages/MyPage.jsx,1476,jsx_text,ポイント管理,,
JP-0941,src/pages/MyPage.jsx,1481,jsx_text,+ 追加,,
JP-0942,src/pages/MyPage.jsx,1487,string_literal,ポイント名,,
JP-0943,src/pages/MyPage.jsx,1488,string_literal,残高,,
JP-0944,src/pages/MyPage.jsx,1491,string_literal,ポイントを追加,,
JP-0945,src/pages/MyPage.jsx,1491,string_literal,保存中...,,
JP-0946,src/pages/MyPage.jsx,1497,jsx_text,総ポイント,,
JP-0947,src/pages/MyPage.jsx,1502,jsx_text,30日以内に失効,,
JP-0948,src/pages/MyPage.jsx,1510,jsx_text,ポイントデータがまだありません。,,
JP-0949,src/pages/MyPage.jsx,1537,jsx_text,+ 追加,,
JP-0950,src/pages/MyPage.jsx,1544,string_literal,保険名,,
JP-0951,src/pages/MyPage.jsx,1545,string_literal,保険会社,,
JP-0952,src/pages/MyPage.jsx,1546,string_literal,月額保険料,,
JP-0953,src/pages/MyPage.jsx,1548,string_literal,補償概要,,
JP-0954,src/pages/MyPage.jsx,1550,string_literal,保存中...,,
JP-0955,src/pages/MyPage.jsx,1550,string_literal,保険を追加,,
JP-0956,src/pages/MyPage.jsx,1556,jsx_text,保険データがまだありません。,,
JP-0957,src/pages/MyPage.jsx,1581,string_literal,満期: ${ins.maturity_date},,
JP-0958,src/pages/MyPage.jsx,1581,string_literal,満期: -,,
JP-0959,src/pages/MyPage.jsx,1627,string_literal,金利上昇シナリオ,,
JP-0960,src/pages/MyPage.jsx,1632,string_literal,金利+0.5%想定,,
JP-0961,src/pages/MyPage.jsx,1635,string_literal,収入減少シナリオ,,
JP-0962,src/pages/MyPage.jsx,1640,string_literal,年収-20%想定,,
JP-0963,src/pages/MyPage.jsx,1685,jsx_text,あなたの収入,,
JP-0964,src/pages/MyPage.jsx,1688,jsx_text,昨年の年収 (税引前),,
JP-0965,src/pages/MyPage.jsx,1703,jsx_text,万円,,
JP-0966,src/pages/MyPage.jsx,1710,string_literal,保存中...,,
JP-0967,src/pages/MyPage.jsx,1710,string_literal,年収を保存,,
JP-0968,src/pages/MyPage.jsx,1717,jsx_text,負債状況,,
JP-0969,src/pages/MyPage.jsx,1721,jsx_text,残債総額,,
JP-0970,src/pages/MyPage.jsx,1739,string_literal,残債総額(円),,
JP-0971,src/pages/MyPage.jsx,1744,jsx_text,保存,,
JP-0972,src/pages/MyPage.jsx,1752,jsx_text,返済負担率 (DTI),,
JP-0973,src/pages/MyPage.jsx,1771,jsx_text,健全 0-20%,,
JP-0974,src/pages/MyPage.jsx,1772,jsx_text,注意 20-35%,,
JP-0975,src/pages/MyPage.jsx,1773,jsx_text,警戒 35%+,,
JP-0976,src/pages/MyPage.jsx,1779,string_literal,⚠️ 返済負担が高まっています。借り換えを検討してください。,,
JP-0977,src/pages/MyPage.jsx,1780,string_literal,✅ 適正範囲内(35%以下)です。健全な家計状態です。,,
JP-0978,src/pages/MyPage.jsx,1788,jsx_text,ローンアラート,,
JP-0979,src/pages/MyPage.jsx,1802,jsx_text,ローン承認可能性診断,,
JP-0980,src/pages/MyPage.jsx,1811,jsx_text,シミュレーション,,
JP-0981,src/pages/MyPage.jsx,1812,jsx_text,将来シナリオ分析,,
JP-0982,src/pages/MyPage.jsx,1813,jsx_text,あなたの年収,,
JP-0983,src/pages/MyPage.jsx,1814,jsx_text,をベースに、,,
JP-0984,src/pages/MyPage.jsx,1814,jsx_text,金利上昇や収入減少が返済計画に与える影響をAIが予測します。,,
JP-0985,src/pages/MyPage.jsx,1829,jsx_text,金利上昇シナリオ,,
JP-0986,src/pages/MyPage.jsx,1830,jsx_text,金利が0.5%上昇した場合、月々の返済額がどう変わるか確認できます。,,
JP-0987,src/pages/MyPage.jsx,1831,jsx_text,シミュレーション実行 &rarr;,,
JP-0988,src/pages/MyPage.jsx,1843,jsx_text,収入減少シナリオ,,
JP-0989,src/pages/MyPage.jsx,1844,jsx_text,収入が20%減少した場合の返済負担率(DTI)の変化を予測します。,,
JP-0990,src/pages/MyPage.jsx,1845,jsx_text,シミュレーション実行 &rarr;,,
JP-0991,src/pages/MyPage.jsx,1856,jsx_text,毎月返済額（現状 → シナリオ）,,
JP-0992,src/pages/MyPage.jsx,1862,jsx_text,DTI（現状 → シナリオ）,,
JP-0993,src/pages/MyPage.jsx,1872,jsx_text,詳細診断を実行,,
JP-0994,src/pages/MyPage.jsx,1877,jsx_text,繰上返済インパクト,,
JP-0995,src/pages/MyPage.jsx,1878,jsx_text,毎月の追加返済額を設定すると、完済時期と総利息の変化を試算します。,,
JP-0996,src/pages/MyPage.jsx,1883,jsx_text,月の追加返済額,,
JP-0997,src/pages/MyPage.jsx,1887,jsx_text,毎月返済（合計）,,
JP-0998,src/pages/MyPage.jsx,1902,jsx_text,完済期間短縮,,
JP-0999,src/pages/MyPage.jsx,1908,jsx_text,総利息（現状）,,
JP-1000,src/pages/MyPage.jsx,1912,jsx_text,利息削減見込み,,
JP-1001,src/pages/MyPage.jsx,2064,string_literal,ログイン後にMyデータを保存できます。,,
JP-1002,src/pages/MyPage.jsx,2079,string_literal,MyPage DBテーブル未設定のため表示用データを使用中。,,
JP-1003,src/pages/MyPage.jsx,2079,string_literal,Myデータを同期しました。,,
JP-1004,src/pages/MyPage.jsx,2082,string_literal,データ読み込み失敗: ${err?.message || 'unknown error'},,
JP-1005,src/pages/MyPage.jsx,2097,string_literal,支出を保存しました。,,
JP-1006,src/pages/MyPage.jsx,2100,string_literal,支出保存に失敗: ${err?.message || 'unknown error'},,
JP-1007,src/pages/MyPage.jsx,2111,string_literal,支出を削除しました。,,
JP-1008,src/pages/MyPage.jsx,2113,string_literal,支出削除に失敗: ${err?.message || 'unknown error'},,
JP-1009,src/pages/MyPage.jsx,2123,string_literal,保険情報を保存しました。,,
JP-1010,src/pages/MyPage.jsx,2126,string_literal,保険保存に失敗: ${err?.message || 'unknown error'},,
JP-1011,src/pages/MyPage.jsx,2137,string_literal,保険情報を削除しました。,,
JP-1012,src/pages/MyPage.jsx,2139,string_literal,保険削除に失敗: ${err?.message || 'unknown error'},,
JP-1013,src/pages/MyPage.jsx,2157,string_literal,年収情報を保存しました。,,
JP-1014,src/pages/MyPage.jsx,2160,string_literal,年収保存に失敗: ${err?.message || 'unknown error'},,
JP-1015,src/pages/MyPage.jsx,2172,string_literal,ポイント情報を保存しました。,,
JP-1016,src/pages/MyPage.jsx,2175,string_literal,ポイント保存に失敗: ${err?.message || 'unknown error'},,
JP-1017,src/pages/MyPage.jsx,2186,string_literal,ポイント情報を削除しました。,,
JP-1018,src/pages/MyPage.jsx,2188,string_literal,ポイント削除に失敗: ${err?.message || 'unknown error'},,
JP-1019,src/pages/MyPage.jsx,2204,string_literal,投資資産を追加しました。,,
JP-1020,src/pages/MyPage.jsx,2207,string_literal,資産追加に失敗: ${err?.message || 'unknown error'},,
JP-1021,src/pages/MyPage.jsx,2224,string_literal,投資資産を更新しました。,,
JP-1022,src/pages/MyPage.jsx,2227,string_literal,資産更新に失敗: ${err?.message || 'unknown error'},,
JP-1023,src/pages/MyPage.jsx,2236,string_literal,投資資産を削除しました。,,
JP-1024,src/pages/MyPage.jsx,2238,string_literal,資産削除に失敗: ${err?.message || 'unknown error'},,
JP-1025,src/pages/MyPage.jsx,2256,string_literal,予算目標を保存しました。,,
JP-1026,src/pages/MyPage.jsx,2259,string_literal,予算保存に失敗: ${err?.message || 'unknown error'},,
JP-1027,src/pages/MyPage.jsx,2268,string_literal,残債総額を保存しました。,,
JP-1028,src/pages/MyPage.jsx,2287,string_literal,「${name || id}」をウォッチリストから削除しますか？,,
JP-1029,src/pages/MyPage.jsx,2290,string_literal,ウォッチリストから削除しました。,,
JP-1030,src/pages/MyPage.jsx,2357,jsx_text,プレミアム,,
JP-1031,src/pages/MyPage.jsx,2361,string_literal,サマリー,,
JP-1032,src/pages/MyPage.jsx,2362,string_literal,資産運用,,
JP-1033,src/pages/MyPage.jsx,2363,string_literal,家計・ポイント,,
JP-1034,src/pages/MyPage.jsx,2364,string_literal,ローン・負債管理,,
JP-1035,src/pages/MyPage.jsx,2381,jsx_text,プレミアム,,
JP-1036,src/pages/MyPage.jsx,2383,jsx_text,MoneyMartへようこそ,,
JP-1037,src/pages/MyPage.jsx,2390,jsx_text,総資産,,
JP-1038,src/pages/MyPage.jsx,2401,jsx_text,設定,,
JP-1039,src/pages/MyPage.jsx,2407,jsx_text,ログアウト,,
JP-1040,src/pages/MyPage.jsx,2417,string_literal,サマリー,,
JP-1041,src/pages/MyPage.jsx,2418,string_literal,資産運用,,
JP-1042,src/pages/MyPage.jsx,2419,string_literal,家計・ポイント,,
JP-1043,src/pages/MyPage.jsx,2420,string_literal,ローン・負債管理,,
JP-1044,src/pages/NotFoundPage.jsx,8,jsx_text,ページが見つかりませんでした。,,
JP-1045,src/pages/NotFoundPage.jsx,14,jsx_text,ホームへ戻る,,
JP-1046,src/pages/PrimePage.jsx,30,string_literal,メールアドレスを入力してください。,,
JP-1047,src/pages/PrimePage.jsx,47,string_literal,既に申し込み済みです。リリース時に優先案内をお送りします。,,
JP-1048,src/pages/PrimePage.jsx,54,string_literal,申し込みを受け付けました。決済機能リリース時にご案内します。,,
JP-1049,src/pages/PrimePage.jsx,56,string_literal,申し込みに失敗しました。しばらくしてから再度お試しください。,,
JP-1050,src/pages/PrimePage.jsx,71,jsx_text,資産運用の,,
JP-1051,src/pages/PrimePage.jsx,73,jsx_text,次元を変える。,,
JP-1052,src/pages/PrimePage.jsx,76,jsx_text,AIによる高度な分析、リアルタイムの市場データ。,,
JP-1053,src/pages/PrimePage.jsx,77,jsx_text,プロレベルの環境を、あなたの手に。,,
JP-1054,src/pages/PrimePage.jsx,86,jsx_text,月払い,,
JP-1055,src/pages/PrimePage.jsx,92,jsx_text,年払い,,
JP-1056,src/pages/PrimePage.jsx,102,jsx_text,ただのツールではありません。,,
JP-1057,src/pages/PrimePage.jsx,104,jsx_text,です。,,
JP-1058,src/pages/PrimePage.jsx,104,jsx_text,成功への投資,,
JP-1059,src/pages/PrimePage.jsx,108,string_literal,AI ポートフォリオ診断,,
JP-1060,src/pages/PrimePage.jsx,108,string_literal,あなたの資産状況を24時間365日モニタリング。最適なリバランスを提案します。,,
JP-1061,src/pages/PrimePage.jsx,109,string_literal,15分の遅延なし。機関投資家と同じタイミングで市場の動きを把握できます。,,
JP-1062,src/pages/PrimePage.jsx,109,string_literal,米国株 リアルタイム株価,,
JP-1063,src/pages/PrimePage.jsx,110,string_literal,会員限定レポート,,
JP-1064,src/pages/PrimePage.jsx,110,string_literal,毎朝配信されるプロのアナリストによる市場分析レポートが読み放題。,,
JP-1065,src/pages/PrimePage.jsx,140,string_literal,年,,
JP-1066,src/pages/PrimePage.jsx,140,string_literal,月,,
JP-1067,src/pages/PrimePage.jsx,144,string_literal,いつでも解約可能,,
JP-1068,src/pages/PrimePage.jsx,144,string_literal,月額換算 ¥816 (2ヶ月分無料),,
JP-1069,src/pages/PrimePage.jsx,149,jsx_text,リリース通知用メールアドレス,,
JP-1070,src/pages/PrimePage.jsx,166,string_literal,Prime先行案内を受け取る,,
JP-1071,src/pages/PrimePage.jsx,166,string_literal,送信中...,,
JP-1072,src/pages/PrimePage.jsx,174,jsx_text,現在、決済機能は準備中です。,,
JP-1073,src/pages/PrimePage.jsx,175,jsx_text,先行案内登録後、正式リリース時にご連絡します。,,
JP-1074,src/pages/PrimePage.jsx,183,jsx_text,すべての機能が、,,
JP-1075,src/pages/PrimePage.jsx,184,jsx_text,あなたの資産を加速させる。,,
JP-1076,src/pages/PrimePage.jsx,192,jsx_text,高度なチャート分析,,
JP-1077,src/pages/PrimePage.jsx,193,jsx_text,高度なインジケーターと可視化機能で、市場分析をより深く行えます。,,
JP-1078,src/pages/PrimePage.jsx,202,jsx_text,AI 投資アシスト,,
JP-1079,src/pages/PrimePage.jsx,203,jsx_text,市場データをもとに、投資判断に役立つ分析インサイトを提供。,,
JP-1080,src/pages/PrimePage.jsx,212,jsx_text,広告完全非表示,,
JP-1081,src/pages/PrimePage.jsx,213,jsx_text,ストレスのない快適な取引環境を提供します。,,
JP-1082,src/pages/PrimePage.jsx,226,jsx_text,機能比較,,
JP-1083,src/pages/PrimePage.jsx,233,string_literal,リアルタイム株価,,
JP-1084,src/pages/PrimePage.jsx,234,string_literal,AI ポートフォリオ診断,,
JP-1085,src/pages/PrimePage.jsx,235,string_literal,10件,,
JP-1086,src/pages/PrimePage.jsx,235,string_literal,ウォッチリスト登録数,,
JP-1087,src/pages/PrimePage.jsx,235,string_literal,無制限,,
JP-1088,src/pages/PrimePage.jsx,236,string_literal,あり,,
JP-1089,src/pages/PrimePage.jsx,236,string_literal,なし,,
JP-1090,src/pages/PrimePage.jsx,236,string_literal,広告表示,,
JP-1091,src/pages/PrimePage.jsx,237,string_literal,カスタマーサポート,,
JP-1092,src/pages/PrimePage.jsx,237,string_literal,メール,,
JP-1093,src/pages/PrimePage.jsx,237,string_literal,優先チャット,,
JP-1094,src/pages/PrimePage.jsx,256,jsx_text,まずは30日間、無料でお試しください。,,
JP-1095,src/pages/PrimePage.jsx,262,jsx_text,すべての機能を見る,,
JP-1096,src/pages/ProductDetailPage.jsx,18,string_literal,銀行・預金,,
JP-1097,src/pages/ProductDetailPage.jsx,19,string_literal,カード,,
JP-1098,src/pages/ProductDetailPage.jsx,20,string_literal,ローン,,
JP-1099,src/pages/ProductDetailPage.jsx,21,string_literal,旅行保険,,
JP-1100,src/pages/ProductDetailPage.jsx,22,string_literal,ポイ活,,
JP-1101,src/pages/ProductDetailPage.jsx,27,string_literal,金利条件（通常金利 / 条件達成後）を分けて確認する,,
JP-1102,src/pages/ProductDetailPage.jsx,28,string_literal,ATM・振込手数料の無料回数と適用条件を見る,,
JP-1103,src/pages/ProductDetailPage.jsx,29,string_literal,キャンペーン特典の受取条件と期間を確認する,,
JP-1104,src/pages/ProductDetailPage.jsx,32,string_literal,年会費の条件（初年度 / 翌年度 / 条件付き無料）を確認する,,
JP-1105,src/pages/ProductDetailPage.jsx,33,string_literal,還元率だけでなく、ポイント利用先の使いやすさを見る,,
JP-1106,src/pages/ProductDetailPage.jsx,34,string_literal,旅行保険・付帯特典が自分の利用目的に合うか比較する,,
JP-1107,src/pages/ProductDetailPage.jsx,37,string_literal,金利タイプ（固定 / 変動）と見直し条件を比較する,,
JP-1108,src/pages/ProductDetailPage.jsx,38,string_literal,事務手数料・繰上返済手数料を含めた総コストで判断する,,
JP-1109,src/pages/ProductDetailPage.jsx,39,string_literal,審査条件（年収・勤続・対象物件）を事前に確認する,,
JP-1110,src/pages/ProductDetailPage.jsx,42,string_literal,補償範囲（疾病 / 携行品 / 賠償責任）を優先順位で確認する,,
JP-1111,src/pages/ProductDetailPage.jsx,43,string_literal,免責金額と保険金支払条件を必ず読む,,
JP-1112,src/pages/ProductDetailPage.jsx,44,string_literal,家族特約・長期旅行時の対応可否を比較する,,
JP-1113,src/pages/ProductDetailPage.jsx,47,string_literal,還元率の上限と対象外条件をチェックする,,
JP-1114,src/pages/ProductDetailPage.jsx,48,string_literal,ポイント失効期限と最低交換単位を確認する,,
JP-1115,src/pages/ProductDetailPage.jsx,49,string_literal,普段使うサービスで還元効率が高いか見る,,
JP-1116,src/pages/ProductDetailPage.jsx,55,string_literal,表示条件はいつ更新されますか？,,
JP-1117,src/pages/ProductDetailPage.jsx,56,string_literal,原則として定期的に見直していますが、急な変更があるため、最終的には公式サイトの最新情報をご確認ください。,,
JP-1118,src/pages/ProductDetailPage.jsx,59,string_literal,このページから直接契約できますか？,,
JP-1119,src/pages/ProductDetailPage.jsx,60,string_literal,契約自体は各金融機関の公式ページで行います。本ページでは比較・検討に必要な情報を提供します。,,
JP-1120,src/pages/ProductDetailPage.jsx,63,string_literal,おすすめ順は何を基準にしていますか？,,
JP-1121,src/pages/ProductDetailPage.jsx,64,string_literal,条件のわかりやすさ、使いやすさ、コスト構造など複数観点で整理しています。個別条件により最適解は異なります。,,
JP-1122,src/pages/ProductDetailPage.jsx,77,jsx_text,商品が見つかりませんでした,,
JP-1123,src/pages/ProductDetailPage.jsx,78,jsx_text,一覧に戻る,,
JP-1124,src/pages/ProductDetailPage.jsx,85,string_literal,金融商品,,
JP-1125,src/pages/ProductDetailPage.jsx,86,string_literal,${product.name}の詳細情報です。各金融機関の公式サイトで最新の条件をご確認ください。,,
JP-1126,src/pages/ProductDetailPage.jsx,95,string_literal,適用条件（年齢・居住地・利用実績）を満たしている,,
JP-1127,src/pages/ProductDetailPage.jsx,96,string_literal,手数料・特典の適用期限を確認した,,
JP-1128,src/pages/ProductDetailPage.jsx,97,string_literal,公式サイトで最新条件を最終確認した,,
JP-1129,src/pages/ProductDetailPage.jsx,105,string_literal,申込は各金融機関の公式サイトからお手続きください。,,
JP-1130,src/pages/ProductDetailPage.jsx,118,jsx_text,戻る,,
JP-1131,src/pages/ProductDetailPage.jsx,169,jsx_text,商品概要,,
JP-1132,src/pages/ProductDetailPage.jsx,177,jsx_text,比較チェックポイント,,
JP-1133,src/pages/ProductDetailPage.jsx,188,jsx_text,申込前チェックリスト,,
JP-1134,src/pages/ProductDetailPage.jsx,202,jsx_text,同じカテゴリの商品,,
JP-1135,src/pages/ProductDetailPage.jsx,224,jsx_text,詳細 →,,
JP-1136,src/pages/ProductDetailPage.jsx,238,jsx_text,よくある質問,,
JP-1137,src/pages/ProductDetailPage.jsx,265,string_literal,関心リストから削除,,
JP-1138,src/pages/ProductDetailPage.jsx,265,string_literal,関心リストに追加,,
JP-1139,src/pages/ProductDetailPage.jsx,270,jsx_text,この商品の申込へ,,
JP-1140,src/pages/ProductDetailPage.jsx,277,jsx_text,ご注意,,
JP-1141,src/pages/ProductDetailPage.jsx,280,jsx_text,本ページの情報は2025年時点のものです。金利・手数料・条件等は変更される場合があります。申込前に必ず各金融機関の公式サイトで最新情報をご確認ください。,,
JP-1142,src/pages/ProductPage.jsx,12,string_literal,無料,,
JP-1143,src/pages/ProductPage.jsx,21,string_literal,価格変動が大きい商品への許容度は？,,
JP-1144,src/pages/ProductPage.jsx,23,string_literal,できるだけ低い方が安心,,
JP-1145,src/pages/ProductPage.jsx,24,string_literal,ある程度なら受け入れられる,,
JP-1146,src/pages/ProductPage.jsx,25,string_literal,高くても成長性を重視,,
JP-1147,src/pages/ProductPage.jsx,30,string_literal,投資・運用の主な目的は？,,
JP-1148,src/pages/ProductPage.jsx,32,string_literal,元本に近い安定運用,,
JP-1149,src/pages/ProductPage.jsx,33,string_literal,安定と成長のバランス,,
JP-1150,src/pages/ProductPage.jsx,34,string_literal,中長期の成長重視,,
JP-1151,src/pages/ProductPage.jsx,39,string_literal,どのくらいの期間で考えますか？,,
JP-1152,src/pages/ProductPage.jsx,41,string_literal,1年以内,,
JP-1153,src/pages/ProductPage.jsx,42,string_literal,1〜3年,,
JP-1154,src/pages/ProductPage.jsx,43,string_literal,3年以上,,
JP-1155,src/pages/ProductPage.jsx,51,string_literal,金利0.2%以上,,
JP-1156,src/pages/ProductPage.jsx,52,string_literal,金利0.25%以上,,
JP-1157,src/pages/ProductPage.jsx,53,string_literal,金利0.3%以上,,
JP-1158,src/pages/ProductPage.jsx,56,string_literal,年会費無料,,
JP-1159,src/pages/ProductPage.jsx,56,string_literal,永年無料,,
JP-1160,src/pages/ProductPage.jsx,56,string_literal,無料,,
JP-1161,src/pages/ProductPage.jsx,57,string_literal,還元率1%以上,,
JP-1162,src/pages/ProductPage.jsx,58,string_literal,還元率0.5%以上,,
JP-1163,src/pages/ProductPage.jsx,61,string_literal,変動金利0.25%以下,,
JP-1164,src/pages/ProductPage.jsx,62,string_literal,変動金利0.3%以下,,
JP-1165,src/pages/ProductPage.jsx,63,string_literal,団信がん100%,,
JP-1166,src/pages/ProductPage.jsx,66,string_literal,"保険料1,200円以下",,
JP-1167,src/pages/ProductPage.jsx,67,string_literal,"保険料1,500円以下",,
JP-1168,src/pages/ProductPage.jsx,68,string_literal,治療救援無制限,,
JP-1169,src/pages/ProductPage.jsx,68,string_literal,無制限,,
JP-1170,src/pages/ProductPage.jsx,71,string_literal,還元率1%以上,,
JP-1171,src/pages/ProductPage.jsx,72,string_literal,還元率0.5%以上,,
JP-1172,src/pages/ProductPage.jsx,78,string_literal,表示順,,
JP-1173,src/pages/ProductPage.jsx,79,string_literal,名前順,,
JP-1174,src/pages/ProductPage.jsx,80,string_literal,提供会社順,,
JP-1175,src/pages/ProductPage.jsx,84,string_literal,表示順,,
JP-1176,src/pages/ProductPage.jsx,85,string_literal,金利が高い順,,
JP-1177,src/pages/ProductPage.jsx,86,string_literal,還元率が高い順,,
JP-1178,src/pages/ProductPage.jsx,87,string_literal,金利が低い順,,
JP-1179,src/pages/ProductPage.jsx,88,string_literal,保険料が安い順,,
JP-1180,src/pages/ProductPage.jsx,89,string_literal,還元率が高い順,,
JP-1181,src/pages/ProductPage.jsx,140,string_literal,金融商品をまとめて比較,,
JP-1182,src/pages/ProductPage.jsx,141,string_literal,手数料・金利・還元率を横断で確認して、あなたに合う選択肢を見つけましょう。,,
JP-1183,src/pages/ProductPage.jsx,142,string_literal,最大3商品まで同時比較,,
JP-1184,src/pages/ProductPage.jsx,143,string_literal,最短3分,,
JP-1185,src/pages/ProductPage.jsx,144,string_literal,比較完了まで,,
JP-1186,src/pages/ProductPage.jsx,145,string_literal,0円,,
JP-1187,src/pages/ProductPage.jsx,146,string_literal,比較利用料,,
JP-1188,src/pages/ProductPage.jsx,149,string_literal,預金金利をスマートに比較,,
JP-1189,src/pages/ProductPage.jsx,150,string_literal,期間・最低預入額・金利を一画面で確認。条件に合う預金をすぐに絞り込めます。,,
JP-1190,src/pages/ProductPage.jsx,151,string_literal,ネット銀行の高金利をチェック,,
JP-1191,src/pages/ProductPage.jsx,153,string_literal,最高水準の金利例,,
JP-1192,src/pages/ProductPage.jsx,154,string_literal,1万円,,
JP-1193,src/pages/ProductPage.jsx,155,string_literal,最低預入の目安,,
JP-1194,src/pages/ProductPage.jsx,158,string_literal,クレジットカードを比較,,
JP-1195,src/pages/ProductPage.jsx,159,string_literal,年会費・還元率・付帯保険を比較して、あなたに合う1枚を見つけましょう。,,
JP-1196,src/pages/ProductPage.jsx,160,string_literal,"最大¥20,000 相当の特典情報も確認",,
JP-1197,src/pages/ProductPage.jsx,162,string_literal,高還元率,,
JP-1198,src/pages/ProductPage.jsx,164,string_literal,年会費無料の選択肢,,
JP-1199,src/pages/ProductPage.jsx,167,string_literal,ローン条件を見える化,,
JP-1200,src/pages/ProductPage.jsx,168,string_literal,金利・団信・手数料を整理して比較。返済負担を下げる選択肢を探せます。,,
JP-1201,src/pages/ProductPage.jsx,169,string_literal,借換え候補も同時に比較可能,,
JP-1202,src/pages/ProductPage.jsx,171,string_literal,変動金利の例,,
JP-1203,src/pages/ProductPage.jsx,172,string_literal,最短,,
JP-1204,src/pages/ProductPage.jsx,173,string_literal,オンライン申込対応,,
JP-1205,src/pages/ProductPage.jsx,176,string_literal,旅行保険を条件で比較,,
JP-1206,src/pages/ProductPage.jsx,177,string_literal,保険料・補償額・サポート体制を比較して、旅先リスクに備えましょう。,,
JP-1207,src/pages/ProductPage.jsx,178,string_literal,治療救援・日本語サポートを重点比較,,
JP-1208,src/pages/ProductPage.jsx,179,string_literal,無制限,,
JP-1209,src/pages/ProductPage.jsx,180,string_literal,補償例,,
JP-1210,src/pages/ProductPage.jsx,182,string_literal,日本語サポート,,
JP-1211,src/pages/ProductPage.jsx,185,string_literal,ポイ活サービスを比較,,
JP-1212,src/pages/ProductPage.jsx,186,string_literal,還元率・提携先・キャンペーンを比較し、日常支出の効率を高めます。,,
JP-1213,src/pages/ProductPage.jsx,187,string_literal,還元率・提携先で最適化,,
JP-1214,src/pages/ProductPage.jsx,189,string_literal,最大還元率の例,,
JP-1215,src/pages/ProductPage.jsx,190,string_literal,全国,,
JP-1216,src/pages/ProductPage.jsx,191,string_literal,提携店舗,,
JP-1217,src/pages/ProductPage.jsx,215,string_literal,年会費無料カード,,
JP-1218,src/pages/ProductPage.jsx,216,string_literal,高金利の預金,,
JP-1219,src/pages/ProductPage.jsx,217,string_literal,低金利ローン,,
JP-1220,src/pages/ProductPage.jsx,218,string_literal,高還元ポイ活,,
JP-1221,src/pages/ProductPage.jsx,221,string_literal,金利0.3%以上,,
JP-1222,src/pages/ProductPage.jsx,222,string_literal,金利0.25%以上,,
JP-1223,src/pages/ProductPage.jsx,223,string_literal,条件クリア,,
JP-1224,src/pages/ProductPage.jsx,226,string_literal,年会費無料,,
JP-1225,src/pages/ProductPage.jsx,227,string_literal,還元率1%以上,,
JP-1226,src/pages/ProductPage.jsx,228,string_literal,還元率重視,,
JP-1227,src/pages/ProductPage.jsx,231,string_literal,変動0.25%以下,,
JP-1228,src/pages/ProductPage.jsx,232,string_literal,団信がん100%,,
JP-1229,src/pages/ProductPage.jsx,233,string_literal,低金利順,,
JP-1230,src/pages/ProductPage.jsx,236,string_literal,"保険料1,200円以下",,
JP-1231,src/pages/ProductPage.jsx,237,string_literal,治療救援無制限,,
JP-1232,src/pages/ProductPage.jsx,238,string_literal,保険料が安い順,,
JP-1233,src/pages/ProductPage.jsx,241,string_literal,還元率1%以上,,
JP-1234,src/pages/ProductPage.jsx,242,string_literal,還元率0.5%以上,,
JP-1235,src/pages/ProductPage.jsx,243,string_literal,還元率重視,,
JP-1236,src/pages/ProductPage.jsx,250,string_literal,固定費を見直したい,,
JP-1237,src/pages/ProductPage.jsx,251,string_literal,年会費無料カード + 還元率1%以上を軸に、毎月の支出効率を改善。,,
JP-1238,src/pages/ProductPage.jsx,256,string_literal,ローン負担を下げたい,,
JP-1239,src/pages/ProductPage.jsx,257,string_literal,低金利順 + 団信条件を同時確認。借換え候補を比較リストに保存。,,
JP-1240,src/pages/ProductPage.jsx,262,string_literal,旅行前に備えたい,,
JP-1241,src/pages/ProductPage.jsx,263,string_literal,保険料と治療救援をセットで比較。日本語サポート有無もチェック。,,
JP-1242,src/pages/ProductPage.jsx,269,string_literal,ランキングは広告順ですか？,,
JP-1243,src/pages/ProductPage.jsx,269,string_literal,広告順ではありません。選択した条件・並び替え基準で表示順が決まります。,,
JP-1244,src/pages/ProductPage.jsx,270,string_literal,このページで申込できますか？,,
JP-1245,src/pages/ProductPage.jsx,270,string_literal,申込は各社の公式サイトで行われます。当ページは比較・検討支援を目的としています。,,
JP-1246,src/pages/ProductPage.jsx,271,string_literal,保証しません。最新の公式情報や契約条件を必ず確認して判断してください。,,
JP-1247,src/pages/ProductPage.jsx,271,string_literal,比較結果は将来の成果を保証しますか？,,
JP-1248,src/pages/ProductPage.jsx,283,string_literal,無料,,
JP-1249,src/pages/ProductPage.jsx,299,string_literal,無制限,,
JP-1250,src/pages/ProductPage.jsx,305,string_literal,年会費,,
JP-1251,src/pages/ProductPage.jsx,306,string_literal,手数料,,
JP-1252,src/pages/ProductPage.jsx,307,string_literal,保険料,,
JP-1253,src/pages/ProductPage.jsx,308,string_literal,最低預入,,
JP-1254,src/pages/ProductPage.jsx,309,string_literal,還元率,,
JP-1255,src/pages/ProductPage.jsx,310,string_literal,治療救援,,
JP-1256,src/pages/ProductPage.jsx,311,string_literal,団信,,
JP-1257,src/pages/ProductPage.jsx,312,string_literal,限度額,,
JP-1258,src/pages/ProductPage.jsx,313,string_literal,金利,,
JP-1259,src/pages/ProductPage.jsx,340,string_literal,「分散投資」の主な目的として最も適切なのはどれ？,,
JP-1260,src/pages/ProductPage.jsx,342,string_literal,必ず高いリターンを得るため,,
JP-1261,src/pages/ProductPage.jsx,343,string_literal,リスクを分散し値動きをならすため,,
JP-1262,src/pages/ProductPage.jsx,344,string_literal,短期で一気に利益を狙うため,,
JP-1263,src/pages/ProductPage.jsx,346,string_literal,分散投資は値動きの異なる資産を組み合わせ、価格変動リスクの偏りを抑える目的で使います。,,
JP-1264,src/pages/ProductPage.jsx,355,string_literal,カテゴリーを変更すると比較リストがリセットされます。よろしいですか？,,
JP-1265,src/pages/ProductPage.jsx,384,string_literal,同じカテゴリーの商品のみ比較できます。,,
JP-1266,src/pages/ProductPage.jsx,388,string_literal,一度に比較できるのは3つまでです。,,
JP-1267,src/pages/ProductPage.jsx,428,string_literal,安定重視タイプ,,
JP-1268,src/pages/ProductPage.jsx,429,string_literal,価格変動を抑えながら、継続しやすい設計が向いています。,,
JP-1269,src/pages/ProductPage.jsx,435,string_literal,バランスタイプ,,
JP-1270,src/pages/ProductPage.jsx,436,string_literal,安定性と成長性をバランス良く組み合わせる運用が向いています。,,
JP-1271,src/pages/ProductPage.jsx,441,string_literal,成長重視タイプ,,
JP-1272,src/pages/ProductPage.jsx,442,string_literal,中長期で成長性を重視した候補を中心に検討する傾向があります。,,
JP-1273,src/pages/ProductPage.jsx,456,string_literal,無料,,
JP-1274,src/pages/ProductPage.jsx,503,jsx_text,金融商品比較,,
JP-1275,src/pages/ProductPage.jsx,536,jsx_text,条件で探す,,
JP-1276,src/pages/ProductPage.jsx,539,jsx_text,比較を開始,,
JP-1277,src/pages/ProductPage.jsx,544,jsx_text,審査・申込は各社公式サイト,,
JP-1278,src/pages/ProductPage.jsx,545,jsx_text,最短3分で比較完了,,
JP-1279,src/pages/ProductPage.jsx,572,jsx_text,最終更新日,,
JP-1280,src/pages/ProductPage.jsx,576,jsx_text,掲載方針,,
JP-1281,src/pages/ProductPage.jsx,577,jsx_text,比較軸を統一して表示,,
JP-1282,src/pages/ProductPage.jsx,580,jsx_text,申込導線,,
JP-1283,src/pages/ProductPage.jsx,581,jsx_text,各社公式サイトへ遷移,,
JP-1284,src/pages/ProductPage.jsx,584,jsx_text,注意事項,,
JP-1285,src/pages/ProductPage.jsx,585,jsx_text,投資助言・勧誘ではありません,,
JP-1286,src/pages/ProductPage.jsx,592,jsx_text,人気条件ショートカット,,
JP-1287,src/pages/ProductPage.jsx,593,jsx_text,ワンタップで条件を適用,,
JP-1288,src/pages/ProductPage.jsx,613,jsx_text,利用シーン,,
JP-1289,src/pages/ProductPage.jsx,624,jsx_text,表示商品,,
JP-1290,src/pages/ProductPage.jsx,628,jsx_text,提供会社,,
JP-1291,src/pages/ProductPage.jsx,632,jsx_text,無料条件あり,,
JP-1292,src/pages/ProductPage.jsx,636,jsx_text,注目タグ付き,,
JP-1293,src/pages/ProductPage.jsx,646,jsx_text,たぬき診断！,,
JP-1294,src/pages/ProductPage.jsx,657,jsx_text,AIコンテンツ,,
JP-1295,src/pages/ProductPage.jsx,658,jsx_text,今日の金融クイズに挑戦！,,
JP-1296,src/pages/ProductPage.jsx,669,jsx_text,1. 質問に答える,,
JP-1297,src/pages/ProductPage.jsx,675,jsx_text,2. クイズに挑戦,,
JP-1298,src/pages/ProductPage.jsx,685,jsx_text,3. 候補を見る,,
JP-1299,src/pages/ProductPage.jsx,689,jsx_text,正解してポイントGET！診断結果は候補提示であり、投資助言ではありません。,,
JP-1300,src/pages/ProductPage.jsx,703,jsx_text,今すぐ無料相談！,,
JP-1301,src/pages/ProductPage.jsx,716,string_literal,商品名・提供会社で検索,,
JP-1302,src/pages/ProductPage.jsx,728,jsx_text,条件フィルター,,
JP-1303,src/pages/ProductPage.jsx,739,jsx_text,すべて解除,,
JP-1304,src/pages/ProductPage.jsx,811,jsx_text,比較,,
JP-1305,src/pages/ProductPage.jsx,811,jsx_text,選択中,,
JP-1306,src/pages/ProductPage.jsx,828,string_literal,関心リストから削除,,
JP-1307,src/pages/ProductPage.jsx,828,string_literal,関心リストに追加,,
JP-1308,src/pages/ProductPage.jsx,868,string_literal,主要条件をそろえて比較できるよう、基本情報を整理して掲載しています。,,
JP-1309,src/pages/ProductPage.jsx,876,jsx_text,公式サイト申込,,
JP-1310,src/pages/ProductPage.jsx,879,jsx_text,比較対応,,
JP-1311,src/pages/ProductPage.jsx,884,jsx_text,★ 関心リストに保存済み,,
JP-1312,src/pages/ProductPage.jsx,897,jsx_text,今日の金融クイズ,,
JP-1313,src/pages/ProductPage.jsx,921,string_literal,今回は不正解。,,
JP-1314,src/pages/ProductPage.jsx,921,string_literal,正解！ +10 ポイント（MVP表示）,,
JP-1315,src/pages/ProductPage.jsx,936,jsx_text,該当する商品はまだありません。,,
JP-1316,src/pages/ProductPage.jsx,942,jsx_text,条件を緩和,,
JP-1317,src/pages/ProductPage.jsx,946,jsx_text,すべての商品を見る,,
JP-1318,src/pages/ProductPage.jsx,955,jsx_text,よくある質問（比較の見方）,,
JP-1319,src/pages/ProductPage.jsx,966,jsx_text,重要なお知らせ,,
JP-1320,src/pages/ProductPage.jsx,967,jsx_text,本ページは情報提供を目的とした比較画面であり、特定商品の推奨・勧誘を目的とするものではありません。 実際の申込前には、各社公式サイトで最新の金利・手数料・キャンペーン・契約条件をご確認ください。,,
JP-1321,src/pages/ProductPage.jsx,972,jsx_text,広告方針: 表示順と広告掲載枠は区別して運用します,,
JP-1322,src/pages/ProductPage.jsx,986,jsx_text,比較リスト,,
JP-1323,src/pages/ProductPage.jsx,987,string_literal,あと2つ選択できます,,
JP-1324,src/pages/ProductPage.jsx,987,string_literal,比較する準備ができました,,
JP-1325,src/pages/ProductPage.jsx,1002,jsx_text,比較開始,,
JP-1326,src/pages/ProductPage.jsx,1015,jsx_text,商品比較,,
JP-1327,src/pages/ProductPage.jsx,1024,jsx_text,提供会社,,
JP-1328,src/pages/ProductPage.jsx,1030,jsx_text,申込,,
JP-1329,src/pages/ProductPage.jsx,1066,jsx_text,詳細・申込,,
JP-1330,src/pages/ProductPage.jsx,1082,jsx_text,AIキャラ診断（MVP）,,
JP-1331,src/pages/ProductPage.jsx,1108,jsx_text,※ 本表示は情報提供を目的とした候補提示であり、投資助言・勧誘ではありません。,,
JP-1332,src/pages/ProductPage.jsx,1117,jsx_text,もう一度診断する,,
JP-1333,src/pages/Signup.jsx,29,string_literal,必須項目をすべて入力してください。,,
JP-1334,src/pages/Signup.jsx,33,string_literal,パスワードは8文字以上で英字と数字を含めてください。,,
JP-1335,src/pages/Signup.jsx,37,string_literal,確認用パスワードが一致しません。,,
JP-1336,src/pages/Signup.jsx,41,string_literal,利用規約とプライバシーポリシーへの同意が必要です。,,
JP-1337,src/pages/Signup.jsx,56,string_literal,登録が完了しました。確認メールをチェックしてください。,,
JP-1338,src/pages/Signup.jsx,59,string_literal,登録に失敗しました。,,
JP-1339,src/pages/Signup.jsx,69,string_literal,Googleログインに失敗しました。,,
JP-1340,src/pages/Signup.jsx,76,jsx_text,会員登録,,
JP-1341,src/pages/Signup.jsx,82,jsx_text,Googleで続行,,
JP-1342,src/pages/Signup.jsx,87,jsx_text,またはメールで登録,,
JP-1343,src/pages/Signup.jsx,93,jsx_text,お名前 *,,
JP-1344,src/pages/Signup.jsx,99,string_literal,山田 太郎,,
JP-1345,src/pages/Signup.jsx,103,jsx_text,ニックネーム *,,
JP-1346,src/pages/Signup.jsx,114,jsx_text,メールアドレス,,
JP-1347,src/pages/Signup.jsx,124,jsx_text,電話番号 (任意),,
JP-1348,src/pages/Signup.jsx,134,jsx_text,パスワード,,
JP-1349,src/pages/Signup.jsx,140,string_literal,8文字以上、英字+数字,,
JP-1350,src/pages/Signup.jsx,144,jsx_text,パスワード確認,,
JP-1351,src/pages/Signup.jsx,156,jsx_text,利用規約,,
JP-1352,src/pages/Signup.jsx,163,jsx_text,プライバシーポリシー,,
JP-1353,src/pages/Signup.jsx,169,jsx_text,キャンペーン・お得情報の受信を希望します。(任意),,
JP-1354,src/pages/Signup.jsx,174,string_literal,登録する,,
JP-1355,src/pages/Signup.jsx,174,string_literal,登録中...,,
JP-1356,src/pages/Signup.jsx,179,jsx_text,ログイン,,
JP-1357,src/pages/StockPage.jsx,22,string_literal,米国大型株,,
JP-1358,src/pages/StockPage.jsx,23,string_literal,欧州主要株,,
JP-1359,src/pages/StockPage.jsx,24,string_literal,英国主要株,,
JP-1360,src/pages/StockPage.jsx,29,string_literal,取得可能な最新データを表示します。取得遅延や欠損時は補完データが表示される場合があります。,,
JP-1361,src/pages/StockPage.jsx,29,string_literal,表示価格はリアルタイムですか？,,
JP-1362,src/pages/StockPage.jsx,30,string_literal,このページは情報提供・比較支援が目的であり、実際の取引は外部サービスで行われます。,,
JP-1363,src/pages/StockPage.jsx,30,string_literal,この画面で売買できますか？,,
JP-1364,src/pages/StockPage.jsx,31,string_literal,あります。表示値は可視化用データであり、実際の約定価格とは差が生じる場合があります。,,
JP-1365,src/pages/StockPage.jsx,31,string_literal,チャート値と約定値が違うことはありますか？,,
JP-1366,src/pages/StockPage.jsx,35,string_literal,NISA対応・国内外商品が豊富,,
JP-1367,src/pages/StockPage.jsx,35,string_literal,SBI証券,,
JP-1368,src/pages/StockPage.jsx,35,string_literal,Tポイント,,
JP-1369,src/pages/StockPage.jsx,35,string_literal,無料,,
JP-1370,src/pages/StockPage.jsx,36,string_literal,楽天ポイント,,
JP-1371,src/pages/StockPage.jsx,36,string_literal,楽天経済圏との連携が強い,,
JP-1372,src/pages/StockPage.jsx,36,string_literal,楽天証券,,
JP-1373,src/pages/StockPage.jsx,36,string_literal,無料,,
JP-1374,src/pages/StockPage.jsx,37,string_literal,55円~,,
JP-1375,src/pages/StockPage.jsx,37,string_literal,マネックスP,,
JP-1376,src/pages/StockPage.jsx,37,string_literal,マネックス証券,,
JP-1377,src/pages/StockPage.jsx,37,string_literal,米国株・分析ツールが強み,,
JP-1378,src/pages/StockPage.jsx,47,string_literal,トヨタ自動車,,
JP-1379,src/pages/StockPage.jsx,47,string_literal,引け後,,
JP-1380,src/pages/StockPage.jsx,47,string_literal,火 15:00 JST,,
JP-1381,src/pages/StockPage.jsx,48,string_literal,ソニーG,,
JP-1382,src/pages/StockPage.jsx,48,string_literal,引け後,,
JP-1383,src/pages/StockPage.jsx,48,string_literal,水 15:00 JST,,
JP-1384,src/pages/StockPage.jsx,49,string_literal,引け後,,
JP-1385,src/pages/StockPage.jsx,49,string_literal,木 15:00 JST,,
JP-1386,src/pages/StockPage.jsx,49,string_literal,東京エレクトロン,,
JP-1387,src/pages/StockPage.jsx,236,string_literal,実データがありません。モックデータを表示します。,,
JP-1388,src/pages/StockPage.jsx,270,string_literal,${r.symbol} の最新終値データ (${r.trade_date}),,
JP-1389,src/pages/StockPage.jsx,281,string_literal,取得データが空のため、モックデータを表示します。,,
JP-1390,src/pages/StockPage.jsx,335,string_literal,データの読み込みに失敗しました,,
JP-1391,src/pages/StockPage.jsx,335,string_literal,（モックデータ表示中）,,
JP-1392,src/pages/StockPage.jsx,744,jsx_text,最終更新日,,
JP-1393,src/pages/StockPage.jsx,748,jsx_text,データモード,,
JP-1394,src/pages/StockPage.jsx,749,string_literal,LIVE + MOCK 補完,,
JP-1395,src/pages/StockPage.jsx,752,jsx_text,比較方針,,
JP-1396,src/pages/StockPage.jsx,753,jsx_text,同一期間・同一指標で比較,,
JP-1397,src/pages/StockPage.jsx,756,jsx_text,注意事項,,
JP-1398,src/pages/StockPage.jsx,757,jsx_text,投資助言・勧誘ではありません,,
JP-1399,src/pages/StockPage.jsx,766,string_literal,🇺🇸 米国,,
JP-1400,src/pages/StockPage.jsx,767,string_literal,🇯🇵 日本,,
JP-1401,src/pages/StockPage.jsx,768,string_literal,🇬🇧 英国,,
JP-1402,src/pages/StockPage.jsx,769,string_literal,🇪🇺 欧州,,
JP-1403,src/pages/StockPage.jsx,788,string_literal,銘柄コード・社名検索,,
JP-1404,src/pages/StockPage.jsx,794,jsx_text,最新データを読み込み中...,,
JP-1405,src/pages/StockPage.jsx,825,jsx_text,この地域の銘柄データはまだありません,,
JP-1406,src/pages/StockPage.jsx,870,jsx_text,積立,,
JP-1407,src/pages/StockPage.jsx,876,jsx_text,コスト,,
JP-1408,src/pages/StockPage.jsx,921,jsx_text,積立元本,,
JP-1409,src/pages/StockPage.jsx,923,jsx_text,将来評価額,,
JP-1410,src/pages/StockPage.jsx,925,jsx_text,損益,,
JP-1411,src/pages/StockPage.jsx,934,jsx_text,証券会社,,
JP-1412,src/pages/StockPage.jsx,974,jsx_text,年換算コスト,,
JP-1413,src/pages/StockPage.jsx,976,jsx_text,総投資額 대비,,
JP-1414,src/pages/StockPage.jsx,995,jsx_text,銘柄切替中...,,
JP-1415,src/pages/StockPage.jsx,999,string_literal,${displayedStock.code}は${Math.abs(displayedStock.rate).toFixed(2)}% ${displayedStock.rate >= 0 ? '上昇' : '下落'}。価格推移・出来高・開示情報を合わせて、タイミングを分散して判断しましょう。,,
JP-1416,src/pages/StockPage.jsx,1000,string_literal,銘柄データを確認中です。,,
JP-1417,src/pages/StockPage.jsx,1004,jsx_text,3ヶ月 +20%,,
JP-1418,src/pages/StockPage.jsx,1008,jsx_text,3ヶ月 -20%,,
JP-1419,src/pages/StockPage.jsx,1012,jsx_text,集計対象,,
JP-1420,src/pages/StockPage.jsx,1094,string_literal,チャート拡大,,
JP-1421,src/pages/StockPage.jsx,1094,string_literal,標準表示,,
JP-1422,src/pages/StockPage.jsx,1100,jsx_text,当日始値,,
JP-1423,src/pages/StockPage.jsx,1101,jsx_text,当日高値,,
JP-1424,src/pages/StockPage.jsx,1102,jsx_text,当日安値,,
JP-1425,src/pages/StockPage.jsx,1103,jsx_text,出来高,,
JP-1426,src/pages/StockPage.jsx,1108,string_literal,日次データ基準${displayedStock?.tradeDate ?,,
JP-1427,src/pages/StockPage.jsx,1109,string_literal,データ未取得（OHLCV）,,
JP-1428,src/pages/StockPage.jsx,1230,jsx_text,チャートは日次データを可視化した参考表示です。実際の約定価格とは異なる場合があります。,,
JP-1429,src/pages/StockPage.jsx,1248,string_literal,ウォッチリスト登録,,
JP-1430,src/pages/StockPage.jsx,1248,string_literal,ウォッチ解除,,
JP-1431,src/pages/StockPage.jsx,1254,jsx_text,マイページへ,,
JP-1432,src/pages/StockPage.jsx,1261,jsx_text,企業情報,,
JP-1433,src/pages/StockPage.jsx,1263,string_literal,¥42.5兆,,
JP-1434,src/pages/StockPage.jsx,1263,string_literal,時価総額,,
JP-1435,src/pages/StockPage.jsx,1264,string_literal,12.4倍,,
JP-1436,src/pages/StockPage.jsx,1264,string_literal,PER (予想),,
JP-1437,src/pages/StockPage.jsx,1265,string_literal,1.1倍,,
JP-1438,src/pages/StockPage.jsx,1265,string_literal,PBR (実績),,
JP-1439,src/pages/StockPage.jsx,1266,string_literal,配当利回り,,
JP-1440,src/pages/StockPage.jsx,1271,jsx_text,適時開示・ニュース,,
JP-1441,src/pages/StockPage.jsx,1274,string_literal,2026年3月期 第3四半期決算短信,,
JP-1442,src/pages/StockPage.jsx,1275,string_literal,自己株式取得に係る事項の決定に関するお知らせ,,
JP-1443,src/pages/StockPage.jsx,1276,string_literal,EV生産ラインの増設投資について,,
JP-1444,src/pages/StockPage.jsx,1289,jsx_text,執行先比較（取引は外部）,,
JP-1445,src/pages/StockPage.jsx,1312,jsx_text,MoneyMartは比較・情報提供を行うプラットフォームです。実際の注文・口座開設は各社サイトで行います。,,
JP-1446,src/pages/StockPage.jsx,1324,jsx_text,この地域の上昇/下落バランスと平均騰落率です。,,
JP-1447,src/pages/StockPage.jsx,1329,jsx_text,上昇銘柄,,
JP-1448,src/pages/StockPage.jsx,1333,jsx_text,下落銘柄,,
JP-1449,src/pages/StockPage.jsx,1337,jsx_text,平均騰落率,,
JP-1450,src/pages/StockPage.jsx,1347,jsx_text,この地域に表示できる銘柄がありません。,,
JP-1451,src/pages/StockPage.jsx,1350,jsx_text,地域タブを切り替えるか、検索条件をリセットしてください。,,
JP-1452,src/pages/StockPage.jsx,1359,jsx_text,米国銘柄を表示,,
JP-1453,src/pages/StockPage.jsx,1370,jsx_text,この地域の予定データは準備中です。,,
JP-1454,src/pages/StockPage.jsx,1383,jsx_text,※ 現在は表示サンプルです。正式版は商用ライセンス連携後に自動更新します。,,
JP-1455,src/pages/StockPage.jsx,1394,jsx_text,プラットフォーム活用ヒント,,
JP-1456,src/pages/StockPage.jsx,1396,jsx_text,・銘柄比較は価格と出来高をセットで確認,,
JP-1457,src/pages/StockPage.jsx,1397,jsx_text,・同一セクターで上位/下位を並べて判断,,
JP-1458,src/pages/StockPage.jsx,1398,jsx_text,・執行先比較で手数料・ポイント差をチェック,,
JP-1459,src/pages/StockPage.jsx,1402,jsx_text,比較FAQ,,
